,name,year,genre,rate,voter,director,star,country,company,budget,gross
0,Call Me by Your Name,(2017)," Drama, Romance            ",8.0,"131,656",Luca Guadagnino,"Armie Hammer,Timothée Chalamet,Michael Stuhlbarg,|,See full cast & crew,","Italy,France,Brazil,USA","Frenesy Film Company,La Cinéfacture,RT Features,See more »,","€4,000,000","$18,095,701,"
1,Get Out,(I) (2017)," Horror, Mystery, Thriller            ",7.7,"343,495",Jordan Peele,"Daniel Kaluuya,Allison Williams,Bradley Whitford,|,See full cast & crew,","Japan,USA","Universal Pictures,Blumhouse Productions,QC Entertainment,See more »,","$5,000,000","$176,040,665"
2,Män som hatar kvinnor,(2009)," Crime, Drama, Mystery            ",7.8,"193,288",Niels Arden Oplev,"Michael Nyqvist,Noomi Rapace,Ewa Fröling,|,See full cast & crew,","Sweden,Denmark,Germany,Norway","Yellow Bird,ZDF Enterprises,Sveriges Television (SVT),See more »,","$13,000,000","$10,095,170,"
3,Scott Pilgrim vs. the World,(2010)," Action, Comedy, Fantasy            ",7.5,"326,465",Edgar Wright,"Michael Cera,Mary Elizabeth Winstead,Kieran Culkin,|,See full cast & crew,","USA,UK,Canada,Japan","Universal Pictures,Marc Platt Productions,Big Talk Productions,See more »,","$60,000,000","$31,494,270,"
4,The Haunting,(1999)," Fantasy, Horror, Mystery            ",4.9,"65,392",Jan de Bont,"Liam Neeson,Catherine Zeta-Jones,Owen Wilson,|,See full cast & crew,",USA,"DreamWorks,Roth-Arnold Productions,See more »,","$80,000,000","$91,411,151"
5,The Grand Budapest Hotel,(2014)," Adventure, Comedy, Drama            ",8.1,"607,687",Wes Anderson,"Ralph Fiennes,F. Murray Abraham,Mathieu Amalric,|,See full cast & crew,","USA,Germany","Fox Searchlight Pictures,Indian Paintbrush,Studio Babelsberg,See more »,","$25,000,000","$59,100,318"
6,Atomic Blonde,(2017)," Action, Mystery, Thriller            ",6.7,"138,250",David Leitch,"Charlize Theron,James McAvoy,John Goodman,|,See full cast & crew,","Germany,Sweden,USA","87Eleven,Closed on Mondays Entertainment,Denver and Delilah Productions,See more »,","$30,000,000","$51,573,925,"
7,Mulholland Dr.,(2001)," Drama, Mystery, Thriller            ",8.0,"282,135",David Lynch,"Naomi Watts,Laura Harring,Justin Theroux,|,See full cast & crew,","France,USA","Les Films Alain Sarde,Asymmetrical Productions,Babbo Inc.,See more »,","$15,000,000","$7,220,243"
8,Ghost in the Shell,(2017)," Action, Drama, Sci-Fi            ",6.4,"163,771",Rupert Sanders,"Scarlett Johansson,Pilou Asbæk,Takeshi Kitano,|,See full cast & crew,","USA,India,Hong Kong,China","Paramount Pictures,DreamWorks,Reliance Entertainment,See more »,","$110,000,000","$40,533,014,"
9,Bad Moms,(2016), Comedy            ,6.2,"95,469",,"Mila Kunis,Kathryn Hahn,Kristen Bell,|,See full cast & crew,",USA,"STX Entertainment,Huayi Brothers Media,BillBlock Media,See more »,","$20,000,000","$113,257,297"
10,Brokeback Mountain,(2005)," Drama, Romance            ",7.7,"291,780",Ang Lee,"Jake Gyllenhaal,Heath Ledger,Michelle Williams,|,See full cast & crew,","USA,Canada","Focus Features,River Road Entertainment,Alberta Film Entertainment,See more »,","$14,000,000","$83,043,761"
11,The Invitation,(I) (2015)," Drama, Horror, Mystery            ",6.7,"62,917",Karyn Kusama,"Logan Marshall-Green,Emayatzy Corinealdi,Michiel Huisman,|,See full cast & crew,",USA,"Gamechanger Films,Lege Artis,The Invitation,See more »,",,"$231,703,"
12,The Lobster,(2015)," Comedy, Drama, Romance            ",7.1,"162,344",Yorgos Lanthimos,"Colin Farrell,Rachel Weisz,Jessica Barden,|,See full cast & crew,","Ireland,UK,Greece,France,Netherlands","Film4,Irish Film Board,Irish Film Board,See more »,","€4,000,000","$8,699,235,"
13,Flickan som lekte med elden,(2009)," Crime, Drama, Mystery            ",7.2,"82,778",Daniel Alfredson,"Noomi Rapace,Michael Nyqvist,Lena Endre,|,See full cast & crew,","Sweden,Denmark,Germany","Yellow Bird,ZDF Enterprises,Sveriges Television (SVT),See more »,","€4,000,000","$9,081,782"
14,Rough Night,(2017)," Comedy, Crime, Thriller            ",5.2,"35,803",Lucia Aniello,"Scarlett Johansson,Kate McKinnon,Zoë Kravitz,|,See full cast & crew,",USA,"Paulilu Productions,Sony Pictures Entertainment (SPE),See more »,","$20,000,000","$22,062,200,"
15,A Bad Moms Christmas,(2017)," Adventure, Comedy            ",5.5,"27,221",,"Mila Kunis,Kristen Bell,Kathryn Hahn,|,See full cast & crew,","USA,China","Huayi Brothers Media,STX Entertainment,See more »,","$28,000,000","$72,110,659,"
16,Dodgeball: A True Underdog Story,(2004)," Comedy, Sport            ",6.7,"208,071",Rawson Marshall Thurber,"Ben Stiller,Christine Taylor,Vince Vaughn,|,See full cast & crew,","USA,Germany","Twentieth Century Fox,Mediastream Vierte Film GmbH & Co. Vermarktungs KG,Red Hour Films,See more »,","$20,000,000","$114,326,736"
17,Magic Mike,(2012)," Comedy, Drama            ",6.1,"121,100",Steven Soderbergh,"Channing Tatum,Alex Pettyfer,Olivia Munn,|,See full cast & crew,",USA,"Iron Horse Entertainment (II),Extension 765,St. Petersburg Clearwater Film Commission,See more »,","$7,000,000","$113,721,571,"
18,Wild Things,(1998)," Crime, Drama, Mystery            ",6.5,"99,210",John McNaughton,"Kevin Bacon,Neve Campbell,Matt Dillon,|,See full cast & crew,",USA,"Mandalay Entertainment,See more »,","$20,000,000","$29,753,944,"
19,Professor Marston and the Wonder Women,(2017)," Biography, Drama            ",7.1,"15,315",Angela Robinson,"Luke Evans,Rebecca Hall,Bella Heathcote,|,See full cast & crew,",USA,"Opposite Field Pictures,Boxspring Entertainment,Stage 6 Films,See more »,",,"$1,584,759,"
20,The Catcher Was a Spy,(2018)," Biography, Drama, War            ",6.1,"2,820",Ben Lewin,"Paul Rudd,Connie Nielsen,Sienna Miller,|,See full cast & crew,",USA,"PalmStar Media,Animus Films,Serena Films,See more »,",,"$712,438,"
21,Alexander,(2004)," Action, Adventure, Biography            ",5.6,"151,728",Oliver Stone,"Colin Farrell,Anthony Hopkins,Rosario Dawson,|,See full cast & crew,","Germany,USA,Netherlands,France,UK,Italy","Warner Bros.,Intermedia Films,Pacifica Film,See more »,",,
22,Vicky Cristina Barcelona,(2008)," Drama, Romance            ",7.1,"222,782",Woody Allen,"Rebecca Hall,Scarlett Johansson,Javier Bardem,|,See full cast & crew,","Spain,USA","The Weinstein Company,Mediapro,Gravier Productions,See more »,","$15,500,000","$23,216,709"
23,The Talented Mr. Ripley,(1999)," Crime, Drama, Thriller            ",7.4,"157,254",Anthony Minghella,"Matt Damon,Gwyneth Paltrow,Jude Law,|,See full cast & crew,",USA,"Miramax,Paramount Pictures,Mirage Enterprises,See more »,","$40,000,000","$81,298,265"
24,Mike and Dave Need Wedding Dates,(2016)," Adventure, Comedy, Romance            ",6.0,"71,170",Jake Szymanski,"Zac Efron,Adam Devine,Anna Kendrick,|,See full cast & crew,",USA,"Twentieth Century Fox,Chernin Entertainment,TSG Entertainment,See more »,","$33,000,000","$46,007,113,"
25,Rent,(2005)," Drama, Musical, Romance            ",7.0,"45,447",Chris Columbus,"Taye Diggs,Wilson Jermaine Heredia,Rosario Dawson,|,See full cast & crew,",USA,"Rent Productions LLC,1492 Pictures,Revolution Studios,See more »,","$40,000,000","$29,077,547,"
26,Film Stars Don't Die in Liverpool,(2017)," Biography, Drama, Romance            ",6.7,"5,371",Paul McGuigan,"Annette Bening,Jamie Bell,Kenneth Cranham,|,See full cast & crew,",UK,"Eon Productions,Synchronistic Pictures,See more »,","$10,000,000","$1,026,124,"
27,Basic Instinct 2,(2006)," Drama, Mystery, Thriller            ",4.3,"34,361",Michael Caton-Jones,"Sharon Stone,David Morrissey,David Thewlis,|,See full cast & crew,","UK,Germany,Spain,USA","Metro-Goldwyn-Mayer (MGM),C-2 Pictures,Intermedia Films,See more »,","$70,000,000","$5,971,336"
28,Thirteen,(2003), Drama            ,6.8,"74,586",Catherine Hardwicke,"Evan Rachel Wood,Holly Hunter,Nikki Reed,|,See full cast & crew,","USA,UK","Fox Searchlight Pictures,Michael London Productions,Working Title Films,See more »,","$1,500,000","$4,599,680,"
29,Youth,(I) (2015)," Comedy, Drama, Music            ",7.3,"61,799",Paolo Sorrentino,"Michael Caine,Harvey Keitel,Rachel Weisz,|,See full cast & crew,","Italy,France,UK,Switzerland","Indigo Film,Barbary Films,Pathé,See more »,","€12,300,000","$2,698,509,"
30,State of Play,(2009)," Crime, Drama, Mystery            ",7.1,"123,654",Kevin Macdonald,"Russell Crowe,Rachel McAdams,Ben Affleck,|,See full cast & crew,","USA,UK,France","Universal Pictures,Working Title Films,StudioCanal,See more »,",,"$37,017,955,"
31,Beach Rats,(2017), Drama            ,6.4,"8,005",Eliza Hittman,"Harris Dickinson,Madeline Weinstein,Kate Hodge,|,See full cast & crew,",USA,"Cinereach,Animal Kingdom,Secret Engine,See more »,",,"$472,368,"
32,Bully,(2001)," Biography, Crime, Drama            ",7.0,"31,850",Larry Clark,"Brad Renfro,Nick Stahl,Bijou Phillips,|,See full cast & crew,","USA,France,UK","StudioCanal,Lions Gate Films,Muse Productions,See more »,",,"$1,537,670,"
33,Shortbus,(2006)," Drama, Romance            ",6.5,"29,958",John Cameron Mitchell,"Sook-Yin Lee,Peter Stickles,PJ DeBoy,|,See full cast & crew,",USA,"THINKFilm,Fortissimo Films,Q Television,See more »,","$2,000,000","$1,985,292,"
34,Quills,(2000)," Biography, Drama            ",7.3,"48,333",Philip Kaufman,"Geoffrey Rush,Kate Winslet,Joaquin Phoenix,|,See full cast & crew,","UK,Germany,USA","Fox Searchlight Pictures,Industry Entertainment,Walrus & Associates,See more »,","$13,500,000","$7,060,876,"
35,The Rules of Attraction,(2002)," Comedy, Drama, Romance            ",6.7,"47,012",Roger Avary,"James Van Der Beek,Ian Somerhalder,Shannyn Sossamon,|,See full cast & crew,","Germany,USA","Kingsgate Films,Roger Avary Filmproduktion GmbH,See more »,","$4,000,000","$6,532,619,"
36,On the Road,(2012)," Adventure, Drama, Romance            ",6.1,"37,217",Walter Salles,"Sam Riley,Garrett Hedlund,Kristen Stewart,|,See full cast & crew,","France,USA,UK,Brazil,Canada,Argentina","MK2 Productions,American Zoetrope,Jerry Leider Company,See more »,","$25,000,000","$717,753,"
37,Go,(1999)," Comedy, Crime            ",7.3,"63,138",Doug Liman,"Sarah Polley,Jay Mohr,Scott Wolf,|,See full cast & crew,",USA,"Columbia Pictures Corporation,Banner Entertainment,Saratoga Entertainment,See more »,","$20,000,000","$16,842,303,"
38,Imagine Me & You,(2005)," Comedy, Drama, Romance            ",6.8,"26,683",Ol Parker,"Piper Perabo,Lena Headey,Matthew Goode,|,See full cast & crew,","UK,Germany","BBC Films,Cougar Films Ltd.,Ealing Studios,See more »,","$7,900,000","$671,240,"
39,Sexy Beast,(2000)," Crime, Drama, Thriller            ",7.3,"48,916",Jonathan Glazer,"Ray Winstone,Ben Kingsley,Ian McShane,|,See full cast & crew,","UK,Spain","Recorded Picture Company (RPC),FilmFour,Chronopolis Films,See more »,",,"$6,946,056,"
40,Todo sobre mi madre,(1999), Drama            ,7.9,"78,767",Pedro Almodóvar,"Cecilia Roth,Marisa Paredes,Candela Peña,|,See full cast & crew,","Spain,France","El Deseo,Renn Productions,France 2 Cinéma,See more »,",,"$8,264,530,"
41,Velvet Goldmine,(1998)," Drama, Music            ",7.0,"31,006",Todd Haynes,"Ewan McGregor,Jonathan Rhys Meyers,Christian Bale,|,See full cast & crew,","UK,USA","Channel Four Films,Goldwyn Films,Killer Films,See more »,",,"$1,053,788,"
42,Murder Party,(2007)," Comedy, Drama, Horror            ",6.1,"6,251",Jeremy Saulnier,"Chris Sharp,Kate Porterfield,Tess Porterfield Lovell,|,See full cast & crew,",USA,"The Lab of Madness,See more »,",,
43,But I'm a Cheerleader,(1999)," Comedy, Drama, Romance            ",6.6,"22,619",Jamie Babbit,"Natasha Lyonne,Clea DuVall,Michelle Williams,|,See full cast & crew,",USA,"Cheerleader LLC,Hate Kills Man (HKM),Ignite Entertainment,See more »,","$1,200,000","$2,205,627"
44,Gigli,(2003)," Comedy, Crime, Romance            ",2.4,"43,966",Martin Brest,"Ben Affleck,Jennifer Lopez,Justin Bartha,|,See full cast & crew,",USA,"Revolution Studios,City Light Films,Casey Silver Productions,See more »,","$54,000,000","$6,068,735,"
45,Hatchet,(2006)," Comedy, Horror            ",5.7,"26,074",Adam Green,"Kane Hodder,Joel David Moore,Deon Richmond,|,See full cast & crew,",USA,"ArieScope Pictures,High Seas Entertainment,Radioaktive Film,See more »,","$1,500,000","$155,873,"
46,Fucking Åmål,(1998)," Comedy, Drama, Romance            ",7.6,"46,397",Lukas Moodysson,"Alexandra Dahlström,Rebecka Liljeberg,Erica Carlson,|,See full cast & crew,","Sweden,Denmark","Memfis Film,Det Danske Filminstitut,Film i Väst,See more »,","SEK 9,000,000","$168,761,"
47,The Canyons,(2013)," Drama, Thriller            ",3.8,"9,627",Paul Schrader,"Lindsay Lohan,James Deen,Nolan Gerard Funk,|,See full cast & crew,",USA,"Prettybird,Post Empire Films,Sodium Fox,See more »,","$250,000","$49,494,"
48,The Informers,(2008)," Crime, Drama, Thriller            ",5.0,"15,167",Gregor Jordan,"Billy Bob Thornton,Kim Basinger,Mickey Rourke,|,See full cast & crew,","Germany,USA","Senator Entertainment Co,See more »,","$18,000,000","$300,000,"
49,Koroshiya 1,(2001)," Action, Comedy, Crime            ",7.1,"47,501",Takashi Miike,"Tadanobu Asano,Nao Ohmori,Shin'ya Tsukamoto,|,See full cast & crew,","Japan,Hong Kong","Omega Project,Omega Micott Inc.,Emperor Multimedia Group (EMG),See more »,","$1,400,000","$20,285,"
50,I Am Michael,(2015)," Biography, Drama, Romance            ",5.7,"3,830",Justin Kelly,"James Franco,Zachary Quinto,Emma Roberts,|,See full cast & crew,",USA,"Patriot Pictures,RabbitBandini Productions,Thats Hollywood,See more »,",,
51,Party Monster,(2003)," Biography, Crime, Drama            ",6.3,"13,839",,"Macaulay Culkin,Wilson Cruz,Seth Green,|,See full cast & crew,","USA,Netherlands","World of Wonder,Killer Films,ContentFilm,See more »,","$5,000,000","$728,253,"
52,Auto Focus,(2002)," Biography, Crime, Drama            ",6.6,"12,251",Paul Schrader,"Greg Kinnear,Willem Dafoe,Maria Bello,|,See full cast & crew,",USA,"Focus Puller Inc.,Good Machine,Propaganda Films,See more »,","$7,000,000","$2,062,066,"
53,Kinsey,(2004)," Biography, Drama, Romance            ",7.1,"45,343",Bill Condon,"Liam Neeson,Laura Linney,Chris O'Donnell,|,See full cast & crew,","USA,Germany","Fox Searchlight Pictures,Qwerty Films,N1 European Film Produktions GmbH & Co. KG,See more »,","$11,000,000","$10,214,647,"
54,Wonder Boys,(2000)," Comedy, Drama            ",7.4,"57,947",Curtis Hanson,"Michael Douglas,Tobey Maguire,Frances McDormand,|,See full cast & crew,","USA,Germany,UK,Japan","British Broadcasting Corporation (BBC),MFF Feature Film Productions,Marubeni,See more »,","$55,000,000","$19,389,454,"
55,"Plaire, aimer et courir vite",(2018)," Drama, Romance            ",6.8,888,Christophe Honoré,"Vincent Lacoste,Pierre Deladonchamps,Denis Podalydès,|,See full cast & crew,",France,"Les Films Pelléas,Arte France Cinéma,Canal+,See more »,",,
56,Zombie Strippers!,(2008)," Comedy, Horror, Sci-Fi            ",4.1,"16,760",Jay Lee,"Jenna Jameson,Robert Englund,Roxy Saint,|,See full cast & crew,",USA,"Stage 6 Films,Larande Productions,Scream HQ,See more »,",,
57,Bloomington,(2010), Drama            ,6.0,"4,291",Fernanda Cardoso,"Allison McAtee,Sarah Stouffer,Katherine Ann McGregor,|,See full cast & crew,",USA,"Frontier Studios,See more »,",,
58,Freier Fall,(2013)," Drama, Romance            ",7.6,"15,172",Stephan Lacant,"Hanno Koffler,Max Riemelt,Attila Borlan,|,See full cast & crew,",Germany,"Kurhaus Production,Südwestrundfunk (SWR),See more »,",,
59,Summer of Sam,(1999)," Crime, Drama, Romance            ",6.6,"33,495",Spike Lee,"John Leguizamo,Adrien Brody,Mira Sorvino,|,See full cast & crew,",USA,"40 Acres & A Mule Filmworks,Touchstone Pictures,Hostage Productions,See more »,","$22,000,000","$19,283,782,"
60,Brideshead Revisited,(2008)," Drama, Romance            ",6.7,"11,178",Julian Jarrold,"Matthew Goode,Patrick Malahide,Hayley Atwell,|,See full cast & crew,","UK,Italy,Morocco","Ecosse Films,BBC Films,UK Film Council,See more »,","$20,000,000","$6,414,563,"
61,Savage Grace,(2007), Drama            ,5.9,"9,931",Tom Kalin,"Julianne Moore,Eddie Redmayne,Stephen Dillane,|,See full cast & crew,","France,Spain,USA","Celluloid Dreams,Montfort Producciones,Killer Films,See more »,","$4,600,000","$434,417,"
62,Our Idiot Brother,(2011)," Comedy, Drama            ",6.4,"79,545",Jesse Peretz,"Paul Rudd,Elizabeth Banks,Zooey Deschanel,|,See full cast & crew,",USA,"Big Beach Films,Likely Story,The Weinstein Company,See more »,","$5,000,000","$24,814,830,"
63,Sorority Boys,(2002), Comedy            ,5.5,"12,981",Wallace Wolodarsky,"Barry Watson,Harland Williams,Michael Rosenbaum,|,See full cast & crew,",USA,"Morra, Brezner, Steinberg and Tenenbaum Entertainment (MBST),Touchstone Pictures,See more »,","$12,000,000","$10,198,766,"
64,Lap Dance,(2014), Drama            ,5.0,"2,205",Greg Carter,"Briana Evigan,James Remar,Stacey Dash,|,See full cast & crew,",USA,"Imprint Entertainment,Datari Turner Productions,Gordon Bijelonic / Datari Turner Films,See more »,","$2,000,000",
65,Chroniques sexuelles d'une famille d'aujourd'hui,(2012)," Comedy, Drama, Romance            ",5.3,"3,380",,"Mathias Melloul,Valérie Maës,Stephan Hersoen,|,See full cast & crew,",France,"Toloda,Monkey Pack Films,Supersonic Productions,See more »,",,
66,Where the Truth Lies,(2005)," Crime, Drama, Mystery            ",6.5,"16,091",Atom Egoyan,"Kevin Bacon,Colin Firth,Alison Lohman,|,See full cast & crew,","Canada,UK","Serendipity Point Films,First Choice Films,The Movie Network (TMN),See more »,","$25,000,000","$871,527,"
67,Les amours imaginaires,(2010)," Drama, Romance            ",7.2,"23,479",Xavier Dolan,"Xavier Dolan,Monia Chokri,Niels Schneider,|,See full cast & crew,",Canada,"Mifilifilms,Quebec Film and Television Tax Credit,Canadian Film or Video Production Tax Credit (CPTC),See more »,","CAD 600,000","$62,985,"
68,Frontière(s),(2007), Horror            ,6.3,"22,846",Xavier Gens,"Karina Testa,Aurélien Wiik,Patrick Ligardes,|,See full cast & crew,","France,Switzerland","Cartel Productions,BR Films,EuropaCorp,See more »,","$3,000,000",
69,Titus,(1999)," Drama, History, Thriller            ",7.2,"18,614",Julie Taymor,"Anthony Hopkins,Jessica Lange,Osheen Jones,|,See full cast & crew,","USA,Italy,UK","Clear Blue Sky Productions,Overseas FilmGroup,Urania Pictures S.r.l.,See more »,",,"$1,921,350,"
70,Kissing Jessica Stein,(2001)," Comedy, Drama, Romance            ",6.6,"15,069",Charles Herman-Wurmfeld,"Jennifer Westfeldt,Heather Juergensen,Tovah Feldshuh,|,See full cast & crew,",USA,"Fox Searchlight Pictures,Brad Zions Films,Eden Wurmfeld Films,See more »,","$1,000,000","$7,022,940,"
71,Contracted,(2013)," Drama, Horror, Thriller            ",5.3,"13,005",Eric England,"Najarra Townsend,Caroline Williams,Alice Macdonald,|,See full cast & crew,",USA,"BoulderLight Pictures,Southern Fried Films,See more »,",,"$4,105"
72,Kiss the Bride,(2002)," Comedy, Drama, Romance            ",5.5,"1,059",Vanessa Parise,"Amanda Detmer,Sean Patrick Flanery,Brooke Langton,|,See full cast & crew,",USA,"Empera Pictures,Imageworks Entertainment International,Replay Pictures,See more »,",,
73,Feast of Love,(2007)," Drama, Romance            ",6.7,"15,221",Robert Benton,"Morgan Freeman,Radha Mitchell,Alexa Davalos,|,See full cast & crew,",USA,"GreeneStreet Films,Lakeshore Entertainment,Metro-Goldwyn-Mayer (MGM),See more »,",,"$3,504,875,"
74,The Opposite of Sex,(1998), Comedy            ,6.5,"19,159",Don Roos,"Christina Ricci,Martin Donovan,Lisa Kudrow,|,See full cast & crew,",USA,"Rysher Entertainment,See more »,","$5,000,000","$5,881,367"
75,The History Boys,(2006)," Comedy, Drama, Romance            ",6.9,"19,135",Nicholas Hytner,"Richard Griffiths,Frances de la Tour,Clive Merrison,|,See full cast & crew,",UK,"Fox Searchlight Pictures,DNA Films,BBC Two Films,See more »,","£2,000,000","$2,706,659,"
76,Laurel Canyon,(2002), Drama            ,6.4,"15,010",Lisa Cholodenko,"Frances McDormand,Alessandro Nivola,Christian Bale,|,See full cast & crew,",USA,"Sony Pictures Classics,Good Machine,Antidote Films (I),See more »,",,"$3,663,356,"
77,Pretty Persuasion,(2005)," Comedy, Drama            ",6.6,"9,343",Marcos Siega,"Evan Rachel Wood,Ron Livingston,James Woods,|,See full cast & crew,",USA,"REN-Mar Studios,Prospect Pictures,See more »,","$2,500,000","$305,688,"
78,Appropriate Behavior,(2014)," Comedy, Drama, Romance            ",6.6,"3,286",Desiree Akhavan,"Desiree Akhavan,Rebecca Henderson,Halley Feiffer,|,See full cast & crew,",UK,"Parkville Pictures,See more »,",,
79,Deathgasm,(2015)," Action, Comedy, Horror            ",6.3,"13,367",Jason Lei Howden,"Milo Cawthorne,James Blake,Kimberley Crossman,|,See full cast & crew,","New Zealand,USA","Metalheads,MPI Media Group,New Zealand Film Commission,See more »,",,
80,Les petits mouchoirs,(2010)," Comedy, Drama            ",7.1,"21,168",Guillaume Canet,"François Cluzet,Marion Cotillard,Benoît Magimel,|,See full cast & crew,",France,"Les Productions du Trésor,EuropaCorp,Caneo Films,See more »,","$25,000,000","$206,088"
81,Don's Plum,(2001)," Comedy, Drama            ",5.8,"3,666",R.D. Robb,"Scott Bloom,Kevin Connolly,Tobey Maguire,|,See full cast & crew,","USA,Denmark,Sweden","Polo Pictures Entertainment,Trust Film Svenska,Zentropa Entertainments,See more »,",,
82,The D Train,(2015)," Comedy, Drama            ",5.0,"9,801",,"Jack Black,James Marsden,Kathryn Hahn,|,See full cast & crew,","UK,USA","Ealing Studios Entertainment,Ealing Studios,Electric Dynamite,See more »,","$3,000,000","$660,994,"
83,Viharsarok,(2014)," Drama, Romance, Sport            ",6.7,"2,783",Ádám Császi,"András Sütö,Ádám Varga,Sebastian Urzendowsky,|,See full cast & crew,","Hungary,Germany","Proton Cinema,I'm FILM,Café Film,See more »,","HUF 120,000,000",
84,XX/XY,(2002)," Drama, Romance            ",6.0,"2,955",Austin Chick,"Mark Ruffalo,Kathleen Robertson,Maya Stange,|,See full cast & crew,",USA,"Robbins Entertainment,Intrinsic Value Films,Natural Nylon Entertainment,See more »,",,"$103,874,"
85,Another Gay Movie,(2006)," Comedy, Romance            ",5.0,"8,340",Todd Stephens,"Michael Carbonaro,Jonathan Chase,Jonah Blechman,|,See full cast & crew,",USA,"Luna Pictures,Piloton Entertainment,Velvet Films,See more »,","$500,000","$654,132,"
86,Stage Beauty,(2004), Drama            ,7.2,"9,418",Richard Eyre,"Billy Crudup,Claire Danes,Rupert Everett,|,See full cast & crew,","UK,USA,Germany","Lions Gate Films,Qwerty Films,Tribeca Productions,See more »,",,"$776,691,"
87,Los amantes pasajeros,(2013), Comedy            ,5.6,"19,746",Pedro Almodóvar,"Javier Cámara,Pepa Charro,Cecilia Roth,|,See full cast & crew,",Spain,"El Deseo,See more »,","€5,000,000","$1,367,846,"
88,Gutterballs,(2008)," Comedy, Horror, Sport            ",4.7,"2,849",Ryan Nicholson,"Alastair Gamble,Mihola Terzic,Nathan Witte,|,See full cast & crew,",Canada,"Plotdigger Films,See more »,","$250,000",
89,Flawless,(1999)," Comedy, Crime, Drama            ",6.4,"16,184",Joel Schumacher,"Robert De Niro,Philip Seymour Hoffman,Barry Miller,|,See full cast & crew,",USA,"Tribeca Productions,See more »,","$15,000,000","$4,485,485,"
90,Tom of Finland,(2017)," Biography, Drama            ",6.8,"3,549",Dome Karukoski,"Pekka Strang,Seumas F. Sargent,Chris Myland,|,See full cast & crew,","Finland,Sweden,Denmark,Germany,Iceland,USA","Helsinki Filmi Oy,Anagram,Fridthjof Film,See more »,","€5,000,000","$378,296,"
91,The Sex Monster,(1999), Comedy            ,5.3,"2,375",Mike Binder,"Mariel Hemingway,Mike Binder,Renée Humphrey,|,See full cast & crew,",USA,"Greentrees Films,Sun-Lite Pictures (II),Trimark Pictures,See more »,",,
92,AWOL,(2016)," Drama, Romance            ",5.3,726,Deb Shoval,"Lola Kirke,Kyle Monaghan,Dale Soules,|,See full cast & crew,",USA,"Race Point Films,Public Square Films,See more »,",,
93,Rise,(2007)," Action, Horror, Mystery            ",4.9,"10,870",Sebastian Gutierrez,"Lucy Liu,Michael Chiklis,Carla Gugino,|,See full cast & crew,",USA,"Mandate Pictures,Kingsgate Films,Destination Films,See more »,",,"$106,398,"
94,Iris,(I) (2001)," Biography, Drama, Romance            ",7.1,"15,959",Richard Eyre,"Judi Dench,Jim Broadbent,Kate Winslet,|,See full cast & crew,","UK,USA","British Broadcasting Corporation (BBC),Fox Iris Productions,Intermedia Films,See more »,","$5,500,000","$1,292,119,"
95,The Humbling,(2014)," Comedy, Drama, Romance            ",5.6,"5,708",Barry Levinson,"Al Pacino,Greta Gerwig,Nina Arianda,|,See full cast & crew,","USA,Italy","Ambi Pictures,Hammerton Productions,Stonelock Pictures,See more »,","$2,000,000",
96,De-Lovely,(2004)," Biography, Drama, Music            ",6.6,"10,294",Irwin Winkler,"Kevin Kline,Ashley Judd,Jonathan Pryce,|,See full cast & crew,","UK,USA","Metro-Goldwyn-Mayer (MGM),Potboiler Productions,Winkler Films,See more »,","$20,000,000","$13,337,299,"
97,Eating Out,(I) (2004)," Comedy, Drama, Romance            ",5.8,"5,569",Q. Allan Brocka,"Scott Lunsford,Jim Verraros,Emily Brooke Hands,|,See full cast & crew,",USA,"Ariztical Entertainment,See more »,","$50,000","$155,212,"
98,Body of Deceit,(2015)," Mystery, Romance, Thriller            ",4.3,199,Alessandro Capone,"Kristanna Loken,Antonio Cupo,Sarai Givaty,|,See full cast & crew,",Italy,"Project i Productions,Latina Pictures,See more »,",,
99,Milk and Honey: The Movie,(2018)," Action, Crime, Drama            ",0.0,0,Matt Gambell,"Mark Wingett,Claire King,Rachel Bright,|,See full cast & crew,",UK,"Milk and Honey - The Movie,Warrior Film Promotions,See more »,",,
100,Surrender Dorothy,(1998)," Comedy, Drama, Romance            ",6.0,306,Kevin DiNovis,"Peter Pryor,Kevin DiNovis,Jason Centeno,|,See full cast & crew,",USA,"G. Rich Entertainment,See more »,",,
101,L.I.E.,(2001)," Crime, Drama            ",7.2,"9,095",Michael Cuesta,"Brian Cox,Paul Dano,Bruce Altman,|,See full cast & crew,",USA,"Alter Ego Entertainment,Belladonna Productions,See more »,","$700,000","$1,141,829,"
102,Sommersturm,(2004)," Comedy, Drama, Romance            ",7.4,"12,408",Marco Kreuzpaintner,"Robert Stadlober,Kostja Ullmann,Miriam Morgenstern,|,See full cast & crew,",Germany,"Claussen & Wöbke Filmproduktion GmbH,ProSieben Entertainment,Seven Pictures,See more »,","€2,700,000","$95,016,"
103,Little Ashes,(2008)," Biography, Drama, Romance            ",6.6,"8,044",Paul Morrison,"Robert Pattinson,Javier Beltrán,Matthew McNulty,|,See full cast & crew,","UK,Spain","APT Films,Aria Films,Factotum Barcelona S.L.,See more »,","€2,500,000","$480,339,"
104,Yo soy la felicidad de este mundo,(2014), Drama            ,4.5,696,Julián Hernández,"Hugo Catalán,Gabino Rodríguez,Andrea Portal,|,See full cast & crew,",Mexico,"Ei2 Media,Mil Nubes-Cine,Áurea Digital,See more »,",,
105,The Matador,(2005)," Comedy, Crime, Drama            ",6.8,"42,287",Richard Shepard,"Pierce Brosnan,Greg Kinnear,Hope Davis,|,See full cast & crew,","Ireland,Germany,USA","Stratus Film Co.,DEJ Productions,Equity Pictures Medienfonds GmbH & Co. KG II,See more »,","$10,000,000","$12,594,698,"
106,Itty Bitty Titty Committee,(2007)," Comedy, Drama, Romance            ",5.6,"2,690",Jamie Babbit,"Melonie Diaz,Ana Mercedes,Cecile Rivore,|,See full cast & crew,",USA,"Power Up Films,See more »,","$1,000,000","$18,479,"
107,The Aristocrats,(2005)," Documentary, Comedy            ",6.4,"15,528",Paul Provenza,"George Carlin,Don Rickles,Chris Rock,|,See full cast & crew,",USA,"Mighty Cheese Productions,See more »,",,"$6,377,277,"
108,Trick,(1999)," Comedy, Music, Romance            ",7.2,"7,603",Jim Fall,"Christian Campbell,John Paul Pitoc,Tori Spelling,|,See full cast & crew,",USA,"Good Machine,Roadside Attractions,See more »,","$450,000","$2,049,595,"
109,Margarita with a Straw,(2014), Drama            ,7.3,"2,772",,"Kalki Koechlin,Revathy,Sayani Gupta,|,See full cast & crew,",India,"ADAPT,Ishaan Talkies,Jakhotia Group,See more »,","$850,000",
110,A Home at the End of the World,(2004)," Drama, Romance            ",6.7,"12,705",Michael Mayer,"Colin Farrell,Dallas Roberts,Robin Wright,|,See full cast & crew,",USA,"Hart-Sharp Entertainment,John Wells Productions,Killer Films,See more »,","$6,500,000","$1,029,872,"
111,El sexo de los ángeles,(2012)," Drama, Romance            ",6.6,"4,043",Xavier Villaverde,"Astrid Bergès-Frisbey,Álvaro Cervantes,Llorenç González,|,See full cast & crew,","Spain,Brazil","Agência Nacional do Cinema (ANCINE),Audiovisual Aval SGR,Axencia Galega das Industrias Culturais (AGADIC),See more »,",,
112,The Sex Movie,(2006), Drama            ,4.9,783,Colton Lawrence,"Michelle Mosley,Matthew Tyler,Mike Fallon,|,See full cast & crew,",USA,"Argentic Pictures,Outside Films,See more »,","$15,000",
113,Possession,(2002)," Drama, Mystery, Romance            ",6.4,"12,221",Neil LaBute,"Gwyneth Paltrow,Aaron Eckhart,Jeremy Northam,|,See full cast & crew,","USA,UK","Focus Features,Warner Bros.,Baltimore Spring Creek Productions,See more »,","$25,000,000","$10,103,647,"
114,Dare,(2009)," Drama, Romance            ",5.9,"3,848",Adam Salky,"Emmy Rossum,Zach Gilford,Ashley Springer,|,See full cast & crew,",USA,"Next Wednesday Productions,Gigantic Pictures,See more »,",,
115,I Melt with You,(2011), Drama            ,6.0,"5,491",Mark Pellington,"Thomas Jane,Rob Lowe,Jeremy Piven,|,See full cast & crew,",USA,"Media House Capital,Raw Entertainment,The Complex,See more »,",,"$4,795,"
116,Black and White,(I) (1999)," Crime, Drama, Music            ",5.0,"5,331",James Toback,"Ben Stiller,Allan Houston,Claudia Schiffer,|,See full cast & crew,",USA,"Bigel / Mailer Films,Palm Pictures,See more »,","$12,000,000","$5,241,315,"
117,Howl,(2010)," Biography, Drama, Romance            ",6.8,"11,910",,"James Franco,Todd Rotondi,Jon Prescott,|,See full cast & crew,",USA,"Werc Werk Works,Telling Pictures,RabbitBandini Productions,See more »,",,"$617,334,"
118,Plunkett & Macleane,(1999)," Action, Adventure, Crime            ",6.4,"9,176",Jake Scott,"Robert Carlyle,Jonny Lee Miller,Iain Robertson,|,See full cast & crew,",UK,"Arts Council of England,PolyGram Filmed Entertainment,Working Title Films,See more »,",,"$474,900,"
119,Cowboys & Angels,(2003)," Comedy, Drama            ",7.0,"2,413",David Gleeson,"Michael Legge,Allen Leech,Amy Shiels,|,See full cast & crew,","Ireland,Germany,UK","Wide Eye Films,Peter Stockhaus Filmproduktion,Grosvenor Park Productions,See more »,","$2,000,000","$33,700,"
120,Plush,(2013)," Drama, Music, Thriller            ",5.4,"3,360",Catherine Hardwicke,"Emily Browning,Xavier Samuel,Cam Gigandet,|,See full cast & crew,",USA,"Blumhouse Productions,IM Global Octane,Reliance,See more »,",,"$2,843,"
121,Head On,(1998)," Drama, Romance            ",6.4,"3,697",Ana Kokkinos,"Alex Dimitriades,Elena Mandalis,Damien Fotiou,|,See full cast & crew,",Australia,"Australian Film Finance Corporation (AFFC),Great Scott Productions Pty. Ltd.,Film Victoria,See more »,",,"$378,667,"
122,Nadie nos mira,(2017), Drama            ,6.7,419,Julia Solomonoff,"Guillermo Pfening,Rafael Ferro,Paola Baldion,|,See full cast & crew,","Argentina,Spain,Colombia,Brazil,USA","CEPA Audiovisual,Mad Love Film Factory,Aleph Motion Pictures,See more »,",,
123,Eating Out 2: Sloppy Seconds,(2006)," Comedy, Romance            ",6.3,"3,381",Phillip J. Bartell,"Jim Verraros,Emily Brooke Hands,Rebekah Kochan,|,See full cast & crew,",USA,"Ariztical Entertainment,Automat Pictures,EOSS Productions,See more »,",,
124,Groove,(2000)," Drama, Music            ",6.5,"3,799",Greg Harrison,"Chris Ferreira,Mackenzie Firgens,Elizabeth Sun,|,See full cast & crew,",USA,"415 Productions,Groove LLC,See more »,","$500,000","$1,114,943,"
125,Les chansons d'amour,(2007)," Drama, Musical, Romance            ",7.2,"8,242",Christophe Honoré,"Ludivine Sagnier,Louis Garrel,Clotilde Hesme,|,See full cast & crew,",France,"Alma Films,Flach Film,Centre National de la Cinématographie (CNC),See more »,",,"$103,970,"
126,Kapgang,(2014)," Drama, History            ",6.6,"1,131",Niels Arden Oplev,"Villads Bøye,Anders W. Berthelsen,Sidse Babett Knudsen,|,See full cast & crew,",Denmark,"Det Danske Filminstitut,Film Fyn,Nordisk Film,See more »,","DKK 22,500,000",
127,Me Him Her,(2015)," Comedy, Romance            ",5.4,"1,328",Max Landis,"Dustin Milligan,Luke Bracey,Emily Meade,|,See full cast & crew,",USA,"Big Beach Films,See more »,","$5,000,000",
128,Je te mangerais,(2009)," Drama, Music            ",5.7,"1,111",Sophie Laloy,"Judith Davis,Marc Chapiteau,Fabienne Babe,|,See full cast & crew,",France,"ICE3,Studio 37,Rhône-Alpes Cinéma,See more »,","€3,000,000",
129,101 Reykjavík,(2000)," Comedy, Romance            ",6.9,"8,865",Baltasar Kormákur,"Hilmir Snær Guðnason,Victoria Abril,Hanna María Karlsdóttir,|,See full cast & crew,","Iceland,Denmark,France,Norway,Germany","Blueeyes Productions,Filmhuset AS,Liberator Productions,See more »,",,"$12,182,"
130,Le fate ignoranti,(2001)," Drama, Romance            ",7.4,"7,798",Ferzan Ozpetek,"Margherita Buy,Stefano Accorsi,Serra Yilmaz,|,See full cast & crew,","Italy,France","R&C Produzioni,Films Balenciaga, Les,Films Balenciaga, Les,See more »,",,"$215,339,"
131,Back Soon,(2007)," Drama, Romance            ",5.4,723,Rob Williams,"Windham Beacham,Matthew Montgomery,Maggie McCollester,|,See full cast & crew,",USA,"Guest House Films,See more »,",,
132,Easy,(2003)," Comedy, Romance, Drama            ",5.9,"1,542",Jane Weinstock,"Marguerite Moreau,Brían F. O'Byrne,Naveen Andrews,|,See full cast & crew,",USA,"Curb Entertainment,Over Easy Productions,See more »,",,"$14,811,"
133,KickOff,(2011)," Comedy, Drama, Sport            ",5.2,421,Rikki Beadle Blair,"Duncan MacInnes,Ian Sharp,Kyle Treslove,|,See full cast & crew,",UK,"Achilles Entertainments,Sharp House,Team Angelica,See more »,",,
134,Ssang-hwa-jeom,(2008)," Drama, History, Romance            ",7.2,"3,148",Ha Yoo,"In-sung Jo,Jin-mo Ju,Ji-Hyo Song,|,See full cast & crew,",South Korea,"Opus Pictures,Universal Pictures,See more »,","$10,000,000",
135,Les rencontres d'après minuit,(2013)," Comedy, Drama, Romance            ",5.8,"1,239",Yann Gonzalez,"Kate Moran,Niels Schneider,Nicolas Maury,|,See full cast & crew,",France,"Sedna Films,Garidi Films,Procirep,See more »,",,
136,Mozart and the Whale,(2005)," Comedy, Drama, Romance            ",6.9,"8,157",Petter Næss,"Josh Hartnett,Radha Mitchell,Gary Cole,|,See full cast & crew,",USA,"Big City Pictures,Equity Pictures Medienfonds GmbH & Co. KG II,Millennium Films,See more »,","$12,000,000","$36,006,"
137,Girltrash: All Night Long,(2014)," Comedy, Crime, Drama            ",6.5,"1,047",Alexandra Kondracke,"Lisa Rieffel,Erin Kelly,Michelle Lombardo,|,See full cast & crew,",USA,"Power Up Films,See more »,","$3,500,000",
138,The Mysteries of Pittsburgh,(2008)," Adventure, Comedy, Drama            ",5.4,"2,930",Rawson Marshall Thurber,"Jon Foster,Peter Sarsgaard,Sienna Miller,|,See full cast & crew,","USA,Bahrain","Groundswell Productions,Sherazade Film Development,Visitor Pictures,See more »,",,"$80,238,"
139,Zui hao de shi guang,(2005)," Drama, Romance            ",7.0,"4,842",Hsiao-Hsien Hou,"Qi Shu,Chen Chang,Fang Mei,|,See full cast & crew,","France,Taiwan","3H Films,Orly Films,Paradis Films,See more »,",,"$151,662,"
140,The Awakening of Gabriella,(1999), Drama            ,4.9,281,Carlton McRae,"Susan Featherly,Mark Ritter,Jeannie Millar,|,See full cast & crew,",USA,,,
141,Your Friends & Neighbors,(1998)," Comedy, Drama, Romance            ",6.4,"7,357",Neil LaBute,"Amy Brenneman,Aaron Eckhart,Ben Stiller,|,See full cast & crew,",USA,"Polygram Filmed Entertainment,Propaganda Films,Fleece,See more »,","$5,000,000","$4,710,749,"
142,Happî awâ,(2015), Drama            ,6.1,565,Ryûsuke Hamaguchi,"Sachie Tanaka,Hazuki Kikuchi,Maiko Mihara,|,See full cast & crew,",Japan,"Fictive,Kobe Workshop Cinema Project,Neopa Co.,See more »,",,
143,I'll Sleep When I'm Dead,(2003)," Crime, Drama, Mystery            ",5.8,"7,967",Mike Hodges,"Clive Owen,Malcolm McDowell,Jonathan Rhys Meyers,|,See full cast & crew,","UK,USA","Mosaic Film Group,Revere Pictures,Will & Company,See more »,",,"$358,804,"
144,Plan B,(I) (2009)," Comedy, Drama, Romance            ",7.0,"3,515",Marco Berger,"Manuel Vignau,Lucas Ferraro,Mercedes Quinteros,|,See full cast & crew,",Argentina,"Rendez-vous Pictures,Oh My Gomez! Films,Brainjaus Producciones,See more »,",,
145,Going Under,(2004), Drama            ,5.0,222,Eric Werthman,"Geno Lechner,Roger Rees,Richard Eagan,|,See full cast & crew,",USA,,"$500,000",
146,A Date for Mad Mary,(2016)," Comedy, Drama, Romance            ",7.1,"1,267",Darren Thornton,"Seána Kerslake,Carolyn Bracken,Denise McCormack,|,See full cast & crew,",Ireland,"Element Pictures,Calipo Picture Company,Irish Film Board,See more »,",,
147,Grande école,(2004)," Drama, Romance            ",5.5,"2,063",Robert Salis,"Grégori Baquet,Alice Taglioni,Jocelyn Quivrin,|,See full cast & crew,",France,"Ognon Pictures,France 2 Cinéma,Eden Films,See more »,",,
148,Das Sommerhaus,(2014), Drama            ,6.0,230,Curtis Burz,"Sten Jacobs,Anna Altmann,Jaspar Fuld,|,See full cast & crew,",Germany,"Focusing Films,See more »,",,
149,Sinful Obsession,(1999), Drama            ,5.2,184,Eric Gibson,"Nikki Fritz,Burke Morgan,Dana Robbins,|,See full cast & crew,",USA,"Playboy Entertainment Group,See more »,",,
150,New Best Friend,(2002)," Drama, Mystery, Thriller            ",5.3,"3,050",Zoe Clarke-Williams,"Taye Diggs,Dominique Swain,Mia Kirshner,|,See full cast & crew,",USA,"FGM Entertainment,See more »,",,"$28,658,"
151,The Four-Faced Liar,(2010)," Comedy, Drama, Romance            ",5.8,"2,346",Jacob Chase,"Daniel Carlisle,Todd Kubrak,Emily Peck,|,See full cast & crew,",USA,"6140 Productions,OneZero Productions,Brillhart / Gonzales Productions,See more »,","$2,000,000",
152,Humpday,(2009)," Comedy, Drama, Romance            ",6.0,"5,068",Lynn Shelton,"Mark Duplass,Joshua Leonard,Alycia Delmore,|,See full cast & crew,",USA,"Magnolia Pictures,Seashel Pictures,See more »,",,"$406,943,"
153,Thirteen Conversations About One Thing,(2001), Drama            ,7.1,"9,109",Jill Sprecher,"Alan Arkin,John Turturro,Matthew McConaughey,|,See full cast & crew,",USA,"Stonelock Pictures,Single Cell Pictures,double A Films,See more »,","$4,500,000","$3,288,164"
154,Edge of Seventeen,(1998)," Comedy, Drama, Romance            ",6.8,"5,223",David Moreton,"Chris Stafford,Tina Holmes,Andersen Gabrych,|,See full cast & crew,",USA,"Blue Streak Films,Luna Pictures,See more »,","$700,000","$870,751,"
155,Colour Me Kubrick: A True...ish Story,(2005)," Comedy, Drama            ",6.2,"5,985",Brian W. Cook,"John Malkovich,Jim Davidson,Richard E. Grant,|,See full cast & crew,","UK,France","Colour Me K Productions Limited,EuropaCorp,Isle of Man Film,See more »,",,"$70,677,"
156,The Last Straight Man,(2014)," Comedy, Drama, Romance            ",6.1,554,Mark Bessenger,"Mark Cirillo,Scott Sell,David Alanson Bradberry,|,See full cast & crew,",USA,"Thrillsville Productions,See more »,",,
157,Teenage Kicks,(2016), Drama            ,6.6,493,Craig Boreham,"Miles Szanto,Daniel Webber,Anni Finsterer,|,See full cast & crew,",Australia,"Azure Productions,See more »,",,
158,My Brother the Devil,(2012)," Crime, Drama, Romance            ",6.6,"2,845",Sally El Hosaini,"James Floyd,Elarica Johnson,Fady Elsayed,|,See full cast & crew,",UK,"Rooks Nest Entertainment,Wild Horses Film Company,Film-Clinic,See more »,",,"$10,305,"
159,Puccini for Beginners,(2006)," Comedy, Romance            ",6.0,"2,200",Maria Maggenti,"Ken Barnett,Julianne Nicholson,Brian Letscher,|,See full cast & crew,",USA,"Eden Wurmfeld Films,InDigEnt (Independent Digital Entertainment),See more »,",,"$89,417,"
160,El otro lado de la cama,(2002)," Comedy, Drama, Musical            ",6.6,"4,943",Emilio Martínez Lázaro,"Ernesto Alterio,Paz Vega,Guillermo Toledo,|,See full cast & crew,",Spain,"Impala,Telecinco,Telespan 2000,See more »,",,
161,B. Monkey,(1998)," Crime, Drama, Romance            ",6.0,"3,121",Michael Radford,"Asia Argento,Jared Harris,Rupert Everett,|,See full cast & crew,","UK,USA","Miramax,Scala Productions,Synchronistic Pictures,See more »,",,"$34,524,"
162,Clean,(I) (2004)," Drama, Music, Romance            ",6.9,"4,241",Olivier Assayas,"Maggie Cheung,Nick Nolte,Béatrice Dalle,|,See full cast & crew,","France,Canada,UK","Rectangle Productions,Haystack Productions,Rhombus Media,See more »,","£4,500","$136,007,"
163,Imaginary Heroes,(2004)," Comedy, Drama            ",7.2,"9,055",Dan Harris,"Sigourney Weaver,Jeff Daniels,Emile Hirsch,|,See full cast & crew,","USA,Germany,Belgium","ApolloProMedia GmbH & Co. 1. Filmproduktion KG (I),QI Quality International GmbH & Co. KG,Signature Pictures,See more »,","$4,000,000","$228,524,"
164,Swingers,(2002)," Drama, Romance            ",5.7,"1,040",Stephan Brenninkmeijer,"Ellen van der Koogh,Danny de Kok,Nienke Brinkhuis,|,See full cast & crew,",Netherlands,"BrennFilm,Rebel Film BV,See more »,","€20,000",
165,Luster,(2002)," Comedy, Drama            ",5.4,"1,074",Everett Lewis,"Justin Herwick,B. Wyatt,Shane Powers,|,See full cast & crew,",USA,"Film Research Unit,Form A 2042 Films,Filmart Production,See more »,",,
166,Tau kwai mo jeu,(2002)," Action, Drama, Mystery            ",5.1,151,Marco Mak,"Philip Keung,Grace Lam,Sammuel Leung,|,See full cast & crew,",Hong Kong,"Tai Seng Entertainment,See more »,",,
167,Sex with Strangers,(2002)," Documentary, Drama            ",4.7,335,,,USA,"Crushedplanet.com,View Film,See more »,",,"$247,740,"
168,L'imbalsamatore,(2002)," Drama, Romance            ",7.0,"1,820",Matteo Garrone,"Ernesto Mahieux,Valerio Foglia Manzillo,Elisabetta Rocchetti,|,See full cast & crew,",Italy,"Fandango,Ministero per i Beni e le Attività Culturali (MiBAC),See more »,",,"$55,606,"
169,NSFW: Not Safe for Work,(2014)," Comedy, Drama, Romance            ",5.4,54,Ryan Balas,"Richard Buonagurio,Audrey Kovar,Dee Herlihy,",USA,"Robel Films,See more »,",,
170,5x2,(2004)," Drama, Romance            ",6.7,"8,204",François Ozon,"Valeria Bruni Tedeschi,Stéphane Freiss,Françoise Fabian,|,See full cast & crew,",France,"Fidélité Productions,France 2 Cinéma,FOZ,See more »,",,"$127,692,"
171,Wild Side,(2004)," Drama, Romance            ",6.5,919,Sébastien Lifshitz,"Stéphanie Michelini,Yasmine Belmadi,Edouard Nikitine,|,See full cast & crew,","France,Belgium,UK","Maïa Films,YC Alligator Film,Zephyr Films,See more »,",,"$15,355,"
172,Kiss the Bride,(2007)," Comedy, Romance            ",5.8,"1,455",C. Jay Cox,"Tori Spelling,Philipp Karner,James O'Shea,|,See full cast & crew,",USA,"Shadow Factory,here! Films,See more »,","$500,000","$31,937,"
173,Hors les murs,(2012)," Drama, Romance            ",6.6,"1,210",David Lambert,"Matila Malliarakis,Guillaume Gouix,David Salles,|,See full cast & crew,","Belgium,Canada,France","Frakas Productions,Boréal Films,Balthazar Productions,See more »,",,
174,Violette,(2013)," Biography, Drama, Romance            ",7.1,"1,710",Martin Provost,"Emmanuelle Devos,Sandrine Kiberlain,Olivier Gourmet,|,See full cast & crew,","France,Belgium","TS Productions,France 3 Cinéma,Climax Films,See more »,",,
175,Prey for Rock & Roll,(2003)," Drama, Music            ",6.2,"1,828",Alex Steyermark,"Gina Gershon,Lori Petty,Marc Blucas,|,See full cast & crew,",USA,"Prey LLC,See more »,",,"$58,040,"
176,Hellbent,(2004)," Horror, Thriller            ",5.5,"2,141",Paul Etheredge,"Dylan Fergus,Bryan Kirkwood,Hank Harris,|,See full cast & crew,",USA,"Sneak Preview Entertainment,See more »,",,"$187,786,"
177,The 24th Day,(2004), Thriller            ,6.6,"3,313",Tony Piccirillo,"James Marsden,Scott Speedman,Sofía Vergara,|,See full cast & crew,",USA,"Big Teddy Films,Nazz Productions,See more »,","$1,000,000","$14,107,"
178,Complices,(2009)," Crime, Romance            ",6.7,824,Frédéric Mermoud,"Gilbert Melki,Emmanuelle Devos,Cyril Descours,|,See full cast & crew,","Switzerland,France","Tabo Tabo Films,Saga-Productions,France 3 Cinéma,See more »,","$4,500,000",
179,Speedway Junky,(1999)," Crime, Drama, Romance            ",5.3,"1,505",Nickolas Perry,"Richard Balin,Jaime Bergman,Jesse Bradford,|,See full cast & crew,",USA,"Magic Entertainment Inc.,Golan-Globus Productions,Miracle Entertainment,See more »,","$1,000,000","$17,127"
180,Chacun sa nuit,(2006), Drama            ,5.5,"1,161",,"Lizzie Brocheré,Arthur Dupont,Guillaume Baché,|,See full cast & crew,","France,Denmark","Toloda,Zentropa Entertainments,Liberator Productions,See more »,","€1,400,000","$18,435,"
181,Embrassez qui vous voudrez,(2002)," Comedy, Drama, Romance            ",6.7,"2,261",Michel Blanc,"Charlotte Rampling,Jacques Dutronc,Carole Bouquet,|,See full cast & crew,","France,UK,Italy","Union Générale Cinématographique (UGC),UGC YM,Mercury Film Productions,See more »,","$11,000,000",
182,Oxygono,(2003)," Drama, Romance            ",5.1,994,,"Nena Menti,Maria Kavoyianni,Akilas Karazisis,|,See full cast & crew,",Greece,"Mega Channel,FilmNet,Greek Film Center,See more »,",,"$21,024,"
183,Heterosexual Jill,(2013), Comedy            ,5.3,106,Michelle Ehlen,"Jen McPherson,Michelle Ehlen,Keye Chen,|,See full cast & crew,",USA,"Ballet Diesel Films,See more »,",,
184,Surrender,(I) (2003), Drama            ,3.9,130,Katherine Brooks,"Julie Clay,Katherine Brooks,Jon Jacobs,|,See full cast & crew,",USA,"Visionbox Pictures,Zero Pictures,See more »,",,
185,Te prometo anarquía,(2015), Drama            ,6.4,748,Julio Hernández Cordón,"Diego Calva Hernández,Eduardo Eliseo Martinez,Shvasti Calderón,|,See full cast & crew,","Mexico,Germany","Interior13 Cine,Fondo para la Producción Cinematográfica de Calidad (FOPROCINE),Rohfilm,See more »,","$500,000",
186,Tiresia,(2003), Drama            ,6.5,950,Bertrand Bonello,"Laurent Lucas,Clara Choveaux,Thiago Telès,|,See full cast & crew,","France,Canada","Arte France Cinéma,Canal+,Centre National de la Cinématographie (CNC),See more »,",,
187,Sitcom,(1998)," Comedy, Drama, Romance            ",6.7,"4,181",François Ozon,"Évelyne Dandry,François Marthouret,Marina de Van,|,See full cast & crew,",France,"Fidélité Productions,StudioCanal,Canal+,See more »,",,
188,À trois on y va,(2015)," Comedy, Romance            ",6.2,857,Jérôme Bonnell,"Anaïs Demoustier,Félix Moati,Sophie Verbeeck,|,See full cast & crew,","France,Belgium","Rectangle Productions,Wild Bunch,France 3 Cinéma,See more »,",,
189,The Velocity of Gary,(1998)," Comedy, Drama, Romance            ",5.0,"1,635",Dan Ireland,"Vincent D'Onofrio,Salma Hayek,Thomas Jane,|,See full cast & crew,",USA,"Cineville,Columbia TriStar Home Video,Dan Lupovitz Productions,See more »,","$4,000,000",
190,Plynace wiezowce,(2013)," Drama, Romance            ",6.3,"2,384",Tomasz Wasilewski,"Mateusz Banasiuk,Marta Nieradkiewicz,Bartosz Gelner,|,See full cast & crew,",Poland,"Alter Ego Pictures,See more »,",,
191,Lan Yu,(2001)," Drama, Romance            ",7.2,"1,956",Stanley Kwan,"Ye Liu,Jun Hu,Bin Li,|,See full cast & crew,","Hong Kong,China","Kwan's Creation Workshop,Yongning Creation Workshop,See more »,",,"$116,192,"
192,I Love You Both,(2016)," Comedy, Drama            ",4.1,401,Doug Archibald,"Lucas Neff,Artemis Pebdani,Angela Trimbur,|,See full cast & crew,",USA,,,"$4,605,"
193,The Pit and the Pendulum,(2009)," Horror, Thriller            ",2.7,364,David DeCoteau,"Lorielle New,Stephen Hansen,Bart Voitila,|,See full cast & crew,",USA,"Rapid Heart Pictures,See more »,",,
194,Gerontophilia,(2013)," Comedy, Romance            ",6.1,"2,029",Bruce La Bruce,"Pier-Gabriel Lajoie,Walter Borden,Katie Boland,|,See full cast & crew,",Canada,"1976 Productions,New Real Films,Telefilm Canada,See more »,","CAD 2,000,000","$3,975,"
195,Les bien-aimés,(2011)," Drama, Musical, Romance            ",6.2,"2,112",Christophe Honoré,"Catherine Deneuve,Ludivine Sagnier,Chiara Mastroianni,|,See full cast & crew,","France,UK,Czech Republic","Why Not Productions,France 2 Cinéma,Sixteen Films,See more »,","$9,980,000","$119,608,"
196,Der Kreis,(2014)," Documentary, Biography, Drama            ",7.3,"1,283",Stefan Haupt,"Matthias Hungerbühler,Peter Jecklin,Marie Leuenberger,|,See full cast & crew,",Switzerland,"Contrast Film,Schweizer Radio und Fernsehen (SRF),Ascot Elite Entertainment Group,See more »,",,
197,Glue,(2006)," Drama, Romance            ",6.5,"1,397",Alexis Dos Santos,"Nahuel Pérez Biscayart,Nahuel Viale,Inés Efron,|,See full cast & crew,","Argentina,UK","Diablo Films,Meteoritos,The Bureau,See more »,","£35,000",
198,Mapplethorpe: Look at the Pictures,(2016)," Documentary, Biography            ",7.3,"1,034",,"Nancy Rooney,Harry Mapplethorpe,George Stack,|,See full cast & crew,","USA,Germany","Film Manufacturers,HBO Documentary Films,World of Wonder Productions,See more »,",,
199,Xdeal,(2011), Drama            ,6.3,50,Lawrence Fajardo,"Paloma,Jamilla Obispo,Jon Hall,|,See full cast & crew,",Philippines,"Viva Digital,ALV Entertainment Network,See more »,",,
200,Love or Whatever,(2012)," Comedy, Romance            ",5.8,495,Rosser Goodman,"Tyler Poelle,Joel Rush,Jennifer Elise Cox,|,See full cast & crew,",USA,"Demos Bizar Entertainment,GiMe Productions,KGB Films,See more »,",,
201,Les amants criminels,(1999)," Crime, Drama, Thriller            ",6.6,"3,479",François Ozon,"Natacha Régnier,Jérémie Renier,Predrag 'Miki' Manojlovic,|,See full cast & crew,",France,"Fidélité Productions,Arte France Cinéma,StudioCanal,See more »,",,"$50,470,"
202,The Broken Tower,(2011)," Biography, Drama, History            ",5.2,"1,106",James Franco,"James Franco,Michael Shannon,Stacey Miller,|,See full cast & crew,",USA,"Made In Film-Land,RabbitBandini Productions,See more »,",,
203,Was nützt die Liebe in Gedanken,(2004)," Drama, Romance            ",7.1,"3,710",Achim von Borries,"Daniel Brühl,August Diehl,Anna Maria Mühe,|,See full cast & crew,",Germany,"X-Filme Creative Pool,Zweites Deutsches Fernsehen (ZDF),Arte,See more »,",,
204,Somos tr3s,(2018), Drama            ,7.0,21,Marcelo Briem Stamm,"Charly Etchévers,Flor Dragonetti,Juan Manuel Martino,",Argentina,"Cineclub Argentina,See more »,",,
205,En kort en lang,(2001)," Comedy, Romance, Drama            ",6.1,"2,914",Hella Joof,"Mads Mikkelsen,Charlotte Munck,Troels Lyby,|,See full cast & crew,","Denmark,Germany","Angel Films,ApolloMedia Distribution,TV2 Danmark,See more »,","DKK 16,500,000",
206,Truth,(2013)," Drama, Romance, Thriller            ",5.1,497,Rob Moretti,"Rebekah Aramini,Blanche Baker,Angel Brazier,|,See full cast & crew,",USA,"Left of Center Entertainment,See more »,",,
207,Plata quemada,(2000)," Crime, Drama, Romance            ",7.2,"5,684",Marcelo Piñeyro,"Eduardo Noriega,Leonardo Sbaraglia,Pablo Echarri,|,See full cast & crew,","Argentina,Spain,Uruguay","Oscar Kramer S.A.,Cuatro Cabezas,Estudios Darwin,See more »,",,"$241,484,"
208,Eu te amo Renato,(2012)," Drama, History, Music            ",5.1,113,Fabiano Cafure,"Ingrid Conte,Felippe Vaz,Vinícius Moulin Allemand,|,See full cast & crew,",Brazil,"Thiago Fraga,See more »,",BRL 67,
209,Hardcore,(2004)," Drama, Crime            ",6.2,"1,959",Dennis Iliadis,"Katerina Tsavalou,Danae Skiadi,Ioannis Papazisis,|,See full cast & crew,",Greece,"Ideefixe Productions,Odeon,FilmNet,See more »,",,
210,L'école de la chair,(1998)," Drama, Mystery, Romance            ",6.8,"1,363",Benoît Jacquot,"Isabelle Huppert,Vincent Martinez,Vincent Lindon,|,See full cast & crew,","France,Luxembourg,Belgium","Orsans Productions,V.M. Productions,La Sept Cinéma,See more »,",,"$401,786,"
211,Il compleanno,(2009)," Drama, Mystery, Romance            ",6.4,"2,073",Marco Filiberti,"Alessandro Gassman,Maria de Medeiros,Massimo Poggio,|,See full cast & crew,",Italy,"Zen Zero,Marche Film Commission,Regione Marche,See more »,",,
212,Chance,(2002)," Comedy, Drama            ",7.3,"1,144",Amber Benson,"Amber Benson,James Marsters,Tressa DiFiglia,|,See full cast & crew,",USA,"Benson Entertainment Inc.,See more »,","$75,000",
213,Bedrooms and Hallways,(1998)," Comedy, Romance            ",6.4,"3,071",Rose Troche,"Kevin McKidd,Julie Graham,Simon Callow,|,See full cast & crew,",UK,"Berwin and Dempsey,British Broadcasting Corporation (BBC),Pandora Cinema,See more »,","£3,000,000","$16,459,"
214,Jesus Christ Vampire Hunter,(2001)," Action, Comedy, Horror            ",5.2,"3,793",Lee Demarbre,"Phil Caracas,Murielle Varhelyi,Maria Moulton,|,See full cast & crew,",Canada,"Odessa Filmworks,See more »,","CAD 100,000",
215,The Five Senses,(1999)," Comedy, Drama, Music            ",6.8,"2,904",Jeremy Podeswa,"Molly Parker,Gabrielle Rose,Elize Frances Stolk,|,See full cast & crew,",Canada,"Alliance Atlantis Communications,Canadian Broadcasting Corporation (CBC),Canadian Film or Video Production Tax Credit (CPTC),See more »,",,"$497,091,"
216,The Business of Strangers,(2001)," Drama, Thriller            ",6.4,"3,520",Patrick Stettner,"Stockard Channing,Julia Stiles,Frederick Weller,|,See full cast & crew,",USA,"Headquarters (III),i5 Films,See more »,",,"$1,028,337,"
217,The Raspberry Reich,(2004)," Comedy, Drama, Romance            ",5.5,"1,359",Bruce La Bruce,"Susanne Sachße,Daniel Bätscher,Andreas Stich,|,See full cast & crew,","Germany,Canada","Jürgen Brüning Filmproduktion,See more »,",,
218,Honeyglue,(2015)," Drama, Romance            ",6.0,552,James Bird,"Adriana Mather,Christopher Heyerdahl,Jessica Tuck,|,See full cast & crew,",USA,"Zombot Pictures,See more »,",,
219,Mãe Só Há Uma,(2016), Drama            ,6.8,"1,050",Anna Muylaert,"Naomi Nero,Daniel Botelho,Dani Nefussi,|,See full cast & crew,",Brazil,"Dezenove Som e Imagem,Africa Filmes,See more »,",,"$11,678,"
220,A Blast,(2014)," Drama, Thriller            ",5.7,659,Syllas Tzoumerkas,"Angeliki Papoulia,Vassilis Doganis,Maria Filini,|,See full cast & crew,","Greece,Germany,Netherlands,Italy,Bosnia and Herzegovina,France","Homemade Films,unafilm,PRPL,See more »,",,
221,Elenore Makes Love,(2014)," Drama, Romance            ",4.9,29,Ryan Balas,"Dee Herlihy,Audrey Kovar,Ryan Balas,|,See full cast & crew,",USA,"Robel Films,See more »,",,
222,Are All Men Pedophiles?,(2013)," Documentary, History            ",7.1,"3,078",Jan-Willem Breure,"Jan-Willem Breure,Dick Swaab,Corine de Ruiter,|,See full cast & crew,",Netherlands,"JW Productions,See more »,","€4,000",
223,Race You to the Bottom,(2005)," Drama, Romance            ",5.3,371,Russell Brown,"Ruben Dario,Kristin Hensley,Cole Williams,|,See full cast & crew,",USA,"The Simon,See more »,",,"$5,264,"
224,Orgy of the Damned,(2010)," Fantasy, Horror, Thriller            ",5.2,159,Creep Creepersin,"Domiziano Arcangeli,Lorielle New,Greg Duke,|,See full cast & crew,",USA,"Empire Films,Creepersin Films,HNH Entertainment,See more »,","$250,000",
225,La partida,(2013)," Drama, Romance            ",6.4,"1,679",Antonio Hens,"Milton García,Reinier Díaz,Jenifer Rodríguez,|,See full cast & crew,","Spain,Cuba","Malas Compañías P.C. S.L.,Doce Gatos,El Azar,See more »,","€183,409",
226,Billy's Hollywood Screen Kiss,(1998)," Comedy, Romance            ",7.0,"3,443",Tommy O'Haver,"Sean Hayes,Brad Rowe,Armando Valdes-Kennedy,|,See full cast & crew,",USA,"Revolutionary Eye LLC,See more »,",,"$2,020,700,"
227,Desire Will Set You Free,(2015)," Comedy, Drama, Romance            ",4.9,177,Yony Leyser,"Yony Leyser,Tim-Fabian Hoffmann,Chloe Griffin,|,See full cast & crew,",Germany,"Amard Bird Films,Desire Productions,ZDF/Das kleine Fernsehspiel,See more »,",,
228,La confusion des genres,(2000)," Comedy, Romance, Drama            ",6.3,908,Ilan Duran Cohen,"Pascal Greggory,Nathalie Richard,Julie Gayet,|,See full cast & crew,",France,"Alta Loma Films,Canal+,Centre National de la Cinématographie (CNC),See more »,",,"$49,029,"
229,Sobreviviré,(1999)," Comedy, Drama, Romance            ",6.5,705,,"Emma Suárez,Juan Diego Botto,Mirta Ibarra,|,See full cast & crew,",Spain,"Antena 3 Televisión,Aurum Producciones,El Paso Producciones Cinematográficas S.L.,See more »,",,
230,Les témoins,(2007)," Drama, Romance            ",6.7,"2,484",André Téchiné,"Michel Blanc,Emmanuelle Béart,Sami Bouajila,|,See full cast & crew,",France,"UGC Distribution,SBS Films,France 2 Cinéma,See more »,",,"$77,300,"
231,Lipstikka,(2011)," Drama, Thriller            ",6.2,154,Jonathan Sagall,"Clara Khoury,Nataly Attiya,Daniel Caltagirone,|,See full cast & crew,","Israel,UK","Obelis Productions,Gal Films,See more »,",,
232,The Dying Gaul,(I) (2005)," Drama, Romance            ",6.5,"2,215",Craig Lucas,"Peter Sarsgaard,Campbell Scott,Patricia Clarkson,|,See full cast & crew,",USA,"Holedigger Films,Rebel Park Pictures,Twopoundbad,See more »,","$4,000,000","$342,297,"
233,The Wedding,(2018)," Drama, Romance            ",0.0,0,Sam Abbas,"Nikohl Boosheri,Sam Abbas,Harry Aspinwall,|,See full cast & crew,","Egypt,UK,USA","ArabQ Films,Audeliss,INvolve,See more »,",,
234,Necro-Mancing Dennis,(2018)," Comedy, Horror            ",0.0,0,Steven Vasquez,"Addison Graham,Grayson Lange,Clay Yearwood,|,See full cast & crew,",USA,"Babaloo Studios,Lime Street Entertainment,See more »,","$25,000",
235,House of Usher,(2008)," Horror, Thriller            ",3.0,457,David DeCoteau,"Frank Mentier,Michael Cardelle,Jaimyse Haft,|,See full cast & crew,",USA,"Rapid Heart Pictures,See more »,","$1,000,000","$1,529,"
236,Harry + Max,(2004)," Drama, Romance            ",5.5,966,Christopher Munch,"Bryce Johnson,Cole Williams,Rain Phoenix,|,See full cast & crew,",USA,"Antarctic Pictures,See more »,",,"$14,923,"
237,Tenshi no koi,(2009)," Drama, Romance            ",7.1,"1,626",Yuri Kanchiku,"Nozomi Sasaki,Shôsuke Tanihara,Hikaru Yamamoto,|,See full cast & crew,",Japan,"GAGA,Pipeline,See more »,",,
238,Voyage,(2013), Drama            ,4.6,109,Scud,"Debra Baker,Sebastian Castro,Adrian Ron Heung,|,See full cast & crew,",Hong Kong,"Artwalker,See more »,","HKD 10,000,000",
239,Borderline,(2008), Drama            ,6.6,"1,033",Lyne Charlebois,"Isabelle Blais,Jean-Hugues Anglade,Angèle Coutu,|,See full cast & crew,",Canada,"Max Films Productions,See more »,","CAD 4,100,000",
240,Backstage,(2005)," Drama, Music            ",5.9,579,Emmanuelle Bercot,"Emmanuelle Seigner,Isild Le Besco,Noémie Lvovsky,|,See full cast & crew,",France,"Arte France Cinéma,Black Forest Films,CMW Films,See more »,",,"$12,312,"
241,Navidad,(2009)," Drama, Romance            ",6.1,203,Sebastián Lelio,"Manuela Martelli,Diego Ruiz,Alicia Rodríguez,","Chile,France","Horamagica Producciones,Divine Productions,See more »,","$400,000",
242,El cónsul de Sodoma,(2009)," Biography, Drama, Romance            ",5.8,333,Sigfrid Monleón,"Jordi Mollà,Bimba Bosé,Alex Brendemühl,|,See full cast & crew,",Spain,"Infoco,Instituto de Crédito Oficial (ICO),Ministerio de Cultura,See more »,",,
243,The Casserole Club,(2011), Drama            ,4.9,104,Steve Balderson,"Susan Traylor,Kevin Scott Richardson,Daniela Sea,|,See full cast & crew,",USA,"Dikenga Films,Robotic Indifference,Tricycle Flicks,See more »,","$400,000",
244,Potseluy sestry,(2007)," Drama, Romance            ",4.9,136,Dmitry Gribanoff,"Nadya Emelina,Sergey Fedorov,Rina Grishina,|,See full cast & crew,",Russia,"Gribanoff Productions,See more »,",,
245,Segunda piel,(1999)," Drama, Romance            ",6.4,"1,465",Gerardo Vera,"Javier Bardem,Jordi Mollà,Ariadna Gil,|,See full cast & crew,",Spain,"Antena 3 Televisión,Lolafilms,Vía Digital,See more »,",,
246,In extremis,(2000)," Drama, Romance            ",5.3,305,Étienne Faure,"Sébastien Roch,Julie Depardieu,Jérémy Sanguinetti,|,See full cast & crew,",France,"Alliance Ltd Intl.,Boomerang,Kaméléon Productions,See more »,",,
247,J'ai rêvé sous l'eau,(2008)," Drama, Romance            ",4.9,308,Hormoz,"Hubert Benhamdine,Caroline Ducey,Christine Boisson,|,See full cast & crew,",France,"Wide Management,Triskel Films,See more »,",,
248,Los novios búlgaros,(2003)," Comedy, Crime, Drama            ",5.8,818,Eloy de la Iglesia,"Fernando Guillén Cuervo,Dritan Biba,Pepón Nieto,|,See full cast & crew,",Spain,"Altube Filmeak S.L.,Conexión Sur,Creativos Asociados de Radio y Televisión (CARTEL),See more »,",,"$59,440,"
249,Be with Me,(2005)," Drama, Romance            ",7.2,"1,550",Eric Khoo,"Theresa Poh Lin Chan,Chiew Sung Ching,Lawrence Yong,|,See full cast & crew,",Singapore,"Zhao Wei Films (I),Infinite Frameworks Pte. Ltd.,See more »,","SGD 200,000",
250,Love in the Time of Money,(2002)," Comedy, Drama, Romance            ",5.3,592,Peter Mattei,"Vera Farmiga,Domenick Lombardozzi,Jill Hennessy,|,See full cast & crew,",USA,"Blow Up Pictures,Open City Films,Sagittaire Films,See more »,",,"$10,410"
251,Beyond the City Limits,(2001)," Drama, Crime            ",4.2,590,Gigi Gaston,"Jennifer Esposito,Alyson Hannigan,Steve Harris,|,See full cast & crew,","Canada,USA","American World Pictures (AWP),Big Pictures Entertainment,See more »,",,
252,Je suis à toi,(2014)," Comedy, Drama, Romance            ",6.6,250,David Lambert,"Nahuel Pérez Biscayart,Jean-Michel Balthazar,Monia Chokri,|,See full cast & crew,","Belgium,Canada","Centre du Cinéma et de l'Audiovisuel de la Fédération Wallonie-Bruxelles,Boréal Films,Cinéfinance Tax Shelter,See more »,",,
253,Tick Tock,(2000)," Crime, Drama, Thriller            ",6.1,568,Kevin Tenney,"Megan Ward,Kristin Minter,Linden Ashby,|,See full cast & crew,",USA,"Daly-Harris Productions,Davis Entertainment Classics,See more »,",,
254,Denied,(2004)," Drama, Romance            ",4.9,634,David Paul Scott,"Lee Rumohr,Matt Sadowski,Sarah Kanter,|,See full cast & crew,",Canada,,,
255,"Die, Mommie, Die!",(2003), Comedy            ,6.5,"1,850",Mark Rucker,"Charles Busch,Natasha Lyonne,Jason Priestley,|,See full cast & crew,",USA,"Aviator Films,Bill Kenwright Films,See more »,",,
256,El niño pez,(2009)," Drama, Romance, Thriller            ",5.9,"1,898",Lucía Puenzo,"Inés Efron,Mariela Vitale,Pep Munné,|,See full cast & crew,","Argentina,France,Spain","Historias Cinematograficas Cinemania,Ibermedia,Instituto Nacional de Cine y Artes Audiovisuales (INCAA),See more »,",,
257,Kisses and Caroms,(2006), Comedy            ,4.7,"1,291",Vincent Rocca,"Nicole Rayburn,Drew Wicks,Nikki Stanzione,|,See full cast & crew,",USA,"Kisses and Caroms Productions,PovertyWorks,See more »,",,
258,Medicinen,(2014)," Comedy, Drama            ",5.4,637,Colin Nutley,"Helena Bergström,Peter Eggers,Ida Engvoll,|,See full cast & crew,",Sweden,"Sweetwater Productions,See more »,",,
259,Trois,(2000)," Romance, Thriller            ",3.9,568,Rob Hardy,"Gary Dourdan,Gretchen Palmer,Kenya Moore,|,See full cast & crew,",USA,"Rainforest Films,Rainforest Productions,TRF Productions,See more »,","$200,000","$1,160,268,"
260,Miao Miao,(2008)," Comedy, Drama, Romance            ",5.2,956,Hsiao-tse Cheng,"Chia-Yen Ko,Sandrine Pinna,Wing Fan,|,See full cast & crew,","Hong Kong,Taiwan","Block 2 Pictures,J.A. Media,Jet Tone Production,See more »,",,
261,Cazuza: O Tempo Não Pára,(2004)," Biography, Drama, Music            ",6.9,"2,792",,"Daniel de Oliveira,Marieta Severo,Reginaldo Faria,|,See full cast & crew,",Brazil,"Cineluz - Produções Cinematográficas Lda.,Globo Filmes,Lereby Productions,See more »,",,
262,Bloom,(I) (2003)," Drama, Romance            ",5.6,321,Sean Walsh,"Stephen Rea,Angeline Ball,Hugh O'Conor,|,See full cast & crew,",Ireland,"Odyssey Pictures,See more »,",,
263,Girlhood,(2003)," Documentary, Crime            ",7.2,517,Liz Garbus,,USA,,,"$60,019,"
264,Strákarnir okkar,(2005)," Comedy, Drama, Romance            ",5.1,887,Róbert I. Douglas,"Björn Hlynur Haraldsson,Helgi Björnsson,Arnmundur Ernst Björnsson,|,See full cast & crew,","Iceland,Finland,UK","The Icelandic Filmcompany,Solar Films,Film and Music Entertainment (F&ME),See more »,","€1,500,000","$1,302,"
265,Watch Out,(2008)," Comedy, Drama, Horror            ",4.3,231,Steve Balderson,"Matt Riddlehoover,Amy Kelly,Peter Stickles,|,See full cast & crew,",USA,"Dikenga Films,See more »,","$300,000",
266,Fit,(I) (2010)," Drama, Romance            ",6.3,435,Rikki Beadle Blair,"Duncan MacInnes,Ludvig Bonin,Sasha Frost,|,See full cast & crew,",UK,"Team Angelica,See more »,",,
267,Shôjo kakumei Utena: Adolescence mokushiroku,(1999)," Animation, Action, Adventure            ",7.2,"1,069",Kunihiko Ikuhara,"Tomoko Kawakami,Yuriko Fuchizaki,Leah Applebaum,|,See full cast & crew,",Japan,"J.C. Staff,King Records,Movic,See more »,","JPY 120,000,000",
268,The Art of Being Straight,(2008)," Comedy, Drama, Romance            ",4.9,597,Jesse Rosen,"Jesse Janzen,Tyler Jenich,Bryan McGowan,|,See full cast & crew,",USA,"Great Graffiti Films,Malvern Productions,Squarenone Cinema,See more »,",,"$10,382,"
269,Just One Time,(1999)," Comedy, Drama, Romance            ",6.3,661,Lane Janger,"Lane Janger,Joelle Carter,Guillermo Díaz,|,See full cast & crew,","Canada,USA","Alliance Atlantis Communications,Danger Filmworks,Code Red Film,See more »,",,"$23,374,"
270,Les temps qui changent,(2004)," Drama, Romance            ",6.2,"1,474",André Téchiné,"Catherine Deneuve,Gérard Depardieu,Gilbert Melki,|,See full cast & crew,",France,"Gemini Films,France 2 Cinéma,Centre National de la Cinématographie (CNC),See more »,",,"$539,380,"
271,Men Not Allowed,(2006)," Drama, Romance            ",4.0,28,Shrey Srivastava,"Payal Rohatgi,Tina Mazumdar,Nassar Abdulla,|,See full cast & crew,",India,"Shri Vardan Pictures,See more »,",,
272,Diverso da chi?,(2009)," Comedy, Romance            ",6.2,830,Umberto Riccioni Carteni,"Luca Argentero,Claudia Gerini,Filippo Nigro,|,See full cast & crew,",Italy,"Cattleya,Universal Pictures,Friuli Venezia Giulia Film Commission,See more »,",,
273,Chun feng chen zui de ye wan,(2009), Drama            ,6.4,864,Ye Lou,"Hao Qin,Sicheng Chen,Wei Wu,|,See full cast & crew,","China,France","Dream Factory,Rosem Films,See more »,",,"$10,478,"
274,The Girl,(2000)," Drama, Mystery, Romance            ",4.7,387,Sande Zeig,"Claire Keim,Agathe de La Boulaye,Cyril Lecomte,|,See full cast & crew,","USA,France","Dolly Hall Productions,Method Films,See more »,",,"$34,192,"
275,Little Bi Peep,(2013)," Comedy, Drama, Romance            ",7.5,34,,"Anna Shields,Sara Jecko,Leigh Strimbeck,|,See full cast & crew,",USA,"Extra / Ordinary Film Project,See more »,","$150,000",
276,Km. 0,(2000)," Comedy, Drama, Romance            ",7.2,"1,677",,"Concha Velasco,Georges Corraface,Silke,|,See full cast & crew,",Spain,"Cuarteto Producciones Cinematográficas S.L.,Media Park,Universal Pictures,See more »,",,
277,101 Rent Boys,(2000), Documentary            ,6.3,323,,"David Anthony,Gary Barry,Scott Black,|,See full cast & crew,",USA,"Cinemax,World of Wonder Productions,World of Wonder,See more »,",,
278,The Lifestyle,(1999), Documentary            ,5.8,180,David Schisgall,"Dant'e Amore,Wild Bill Goodwin,Robert L. McGinley,",USA,"Good Machine,Swinging T Productions,See more »,",,"$85,000,"
279,Net Worth,(2001)," Action, Adventure, Comedy            ",5.9,191,Kenny Griswold,"Todd Field,Craig Sheffer,Daniel Baldwin,|,See full cast & crew,",USA,,,
280,Cover,(2007)," Drama, Thriller            ",5.7,465,Bill Duke,"Aunjanue Ellis,Razaaq Adoti,Vivica A. Fox,|,See full cast & crew,",USA,"Duke Media,Redmond Enterprises,Redwood Palms Pictures,See more »,","$3,600,000","$79,436,"
281,The Coffee Shop,(2014)," Comedy, Romance            ",3.8,68,A.J. Mattioli,"Blanche Baker,Elissa Goldstein,Keith Collins,|,See full cast & crew,",USA,"Mattioli Productions,See more »,","$100,000",
282,Praxis,(2008), Drama            ,3.5,112,Alex Pacheco,"Tom Macy,Andrew Roth,Regina Aquino,|,See full cast & crew,",USA,"Damaged Films,See more »,","$250,000",
283,Rolling,(2007)," Drama, Music, Romance            ",5.6,399,Billy Samoa Saleebey,"Sanoe Lake,Garrett Brawith,Rachel Hardisty,|,See full cast & crew,",USA,"Group in Progress,See more »,","$500,000","$103,209,"
284,The Singing Forest,(2003)," Drama, Fantasy, Romance            ",1.9,532,Jorge Ameer,"Jon Sherrin,Erin Leigh Price,Eric Morris,|,See full cast & crew,",USA,"A.J. Productions,See more »,",,
285,Mubansô,(2016), Drama            ,6.4,61,Hitoshi Yazaki,"Riko Narumi,Sôsuke Ikematsu,Takumi Saitoh,|,See full cast & crew,",Japan,"Arc Entertainment,King Records,Omuro Pictures,See more »,",,
286,Boogie Boy,(1998)," Crime, Thriller            ",5.2,539,Craig Hamann,"Mark Dacascos,Emily Lloyd,Michael Peña,|,See full cast & crew,",USA,,,
287,Daybreak,(I) (2008), Romance            ,4.9,128,Adolfo Alix Jr.,"Coco Martin,Paolo Rivero,",Philippines,"Bicycle Pictures,See more »,",,
288,Zui sheng meng si,(2015), Drama            ,7.2,384,Tso-chi Chang,"Hong-Chi Lee,Jen-Shuo Cheng,Shang-Ho Huang,|,See full cast & crew,",Taiwan,"Simple View Production,See more »,",,
289,Just Say Love,(2009)," Drama, Romance            ",4.8,446,Bill Humphreys,"Bill Humphreys,Matthew Jaeger,Robert Mammana,",USA,"Stagewright Films,Funny Boy Films,See more »,",,"$3,898,"
290,Disi duboko,(2004)," Drama, Romance            ",5.8,299,Dragan Marinkovic,"Mira Furlan,Ana Franic,Jelena Djokic,|,See full cast & crew,",Serbia,,"€600,000",
291,Noah's Arc,(2004), Drama            ,7.6,386,Patrik-Ian Polk,"Alistair Abell,Nate Adams,Jensen Atwood,|,See full cast & crew,",USA,"Tall Skinny Black Boy Productions,See more »,",,
292,El Mascarado Massacre,(2006), Horror            ,4.5,"1,125",Jesse Baget,"Adam Huss,Jeremy Radin,Leyla Milani,|,See full cast & crew,",USA,"Blue Cactus Pictures,The Film Fund,See more »,","$850,000",
293,Nepravdepodobná romance,(2013)," Drama, Romance            ",5.7,23,Ivan Vojnár,"Berenika Kohoutová,Alzbeta Pazoutová,Ivan Vojnár,|,See full cast & crew,",Czech Republic,,"CZK 14,000,000",
294,Ya lyublyu tebya,(2004)," Comedy, Romance            ",6.5,840,,"Damir Badmaev,Lyubov Tolkalina,Evgeniy Koryakovskiy,|,See full cast & crew,",Russia,,,"$60,815,"
295,Los 2 lados de la cama,(2005)," Comedy, Musical, Romance            ",5.6,"1,229",Emilio Martínez Lázaro,"Ernesto Alterio,Guillermo Toledo,Alberto San Juan,|,See full cast & crew,",Spain,"Telespan 2000,Canal+ España,Estudios Picasso,See more »,",,
296,Girls Like Us! Part 1,(2012)," Comedy, Drama, Romance            ",5.8,10,,"Bethany Stanton,Robin Lei,Milon V. Parker,|,See full cast & crew,",USA,"Chill Productions,See more »,","$40,000",
297,Posljednji dani ljeta,(2018), Drama            ,0.0,0,Damir Radic,"Tanja Kordic,Antonija Situm,Ivica Gunjaca,|,See full cast & crew,",Croatia,"Zvona i Nari,Blank,Nezavisna Produkcija,See more »,","€14,000",
298,Ming tian ji de ai shang wo,(2013)," Comedy, Drama, Romance            ",6.7,452,Arvin Chen,"Richie Jen,Mavis Fan,Chin-Hang Shih,|,See full cast & crew,",Taiwan,"1 Production Film Company,See more »,",,
299,Teus Olhos Meus,(2011)," Drama, Romance            ",6.6,261,Caio Sóh,"Emilio Dantas,Remo Rocha,Paloma Duarte,|,See full cast & crew,",Brazil,"Lobo Filmes,See more »,",,
300,"Joshua Tree, 1951: A Portrait of James Dean",(2012), Drama            ,5.7,648,Matthew Mishory,"James Preston,Dan Glenn,Clare Grant,|,See full cast & crew,",USA,"Iconoclastic Features,Jay-X Entertainment,MGDB Productions,See more »,","$1,000,000",
301,Oublier Cheyenne,(2005)," Drama, Romance            ",6.5,313,Valérie Minetto,"Mila Dekker,Aurélia Petit,Malik Zidi,|,See full cast & crew,",France,"Bandonéon,Adria Films,Centre National de la Cinématographie (CNC),See more »,",,"$788,"
302,L.G.B.T. Love Stories,(2016)," Comedy, Drama, Romance            ",4.4,7,,"Frederic Farina,Christina Russo,Danny Martinez,|,See full cast & crew,",,"Transflix Productions,E.B.G. Productions,PL Entertainment,See more »,","$20,000",
303,Bruno & Earlene Go to Vegas,(2013)," Adventure, Drama, Romance            ",5.1,117,Simon Savory,"Miles Szanto,Ashleigh Sumner,Barrett Crake,|,See full cast & crew,","UK,USA,France","Flyswot Films,See more »,","£75,000",
304,Keep the River on Your Right: A Modern Cannibal Tale,(2000)," Documentary, Adventure, Romance            ",6.8,777,,"Tobias Schneebaum,Norman Mailer,Michael Nelson Rockefeller,",USA,"Lifer Films,Next Wave Films,Stolen Car Productions,See more »,",,"$348,507,"
305,Shakespeare Behind Bars,(2005), Documentary            ,7.6,335,Hank Rogerson,,USA,"Philomath Films,See more »,",,"$48,194,"
306,Outrage,(I) (2009), Documentary            ,7.6,"1,536",Kirby Dick,"Barney Frank,Tammy Baldwin,Wayne Barrett,|,See full cast & crew,",USA,"Chain Camera Pictures,Red Envelope Entertainment,Tectonic Theater Project,See more »,",,"$44,416,"
307,The Out List,(2013), Documentary            ,7.2,589,Timothy Greenfield-Sanders,"Dustin Lance Black,R. Clarke Cooper,Wade Davis,|,See full cast & crew,",USA,"Perfect Day Films,See more »,",,
308,Trembling Before G-d,(2001), Documentary            ,7.1,863,Sandi Simcha Dubowski,"Shlomo Ashkinazy,Steve Greenberg,Nathan Lopes Cardozo,|,See full cast & crew,","Israel,France,USA","Cinephil,Keshet Broadcasting,Pretty Pictures,See more »,",,"$619,612,"
309,Bangkok Love Story,(2007)," Action, Crime, Drama            ",5.5,"1,299",Poj Arnon,"Rattanaballang Tohssawat,Chaiwat Thongsaeng,Wiradit Srimalai,|,See full cast & crew,",Thailand,,,
310,Love Life,(2006), Romance            ,5.5,195,Damion Dietz,"Keith Bearden,Stephan D. Gill,Ronnie Kerr,|,See full cast & crew,",USA,"New Media Entertainment LLC,See more »,",,
311,San fu tian,(2016), Drama            ,7.6,57,Jordan Schiele,"Lu Huang,Lanshan Luo,Mu Chen Tian,|,See full cast & crew,",China,"Making Film,See more »,",,
312,Swimming,(2000), Drama            ,6.4,880,Robert J. Siegel,"Lauren Ambrose,Joelle Carter,Jennifer Dundas,|,See full cast & crew,",USA,,,"$161,483,"
313,Somos Tão Jovens,(2013)," Biography, Drama, Music            ",6.5,"1,758",Antonio Carlos da Fontoura,"Thiago Mendonça,Laila Zaid,Bruno Torres,|,See full cast & crew,",Brazil,"Canto Claro Produções Artísticas,See more »,","BRL 6,400,000",
314,Zus & zo,(2001)," Comedy, Fantasy, Romance            ",6.4,"1,508",Paula van der Oest,"Sylvia Poorta,Anneke Blok,Monic Hendrickx,|,See full cast & crew,",Netherlands,"Filmprodukties de Luwte,See more »,",,"$28,397,"
315,What's the Matter with Gerald?,(2016)," Comedy, Drama, Fantasy            ",6.2,762,Matt Riddlehoover,"Jacob York,Kathy Cash,Jonathan Everett,|,See full cast & crew,",USA,"Element Twenty Two,Red Headed Revolution Pictures,See more »,",,
316,Straight,(2007)," Crime, Drama, Romance            ",5.3,120,Nicolas Flessa,"Beba Ebner,Florian Sonnefeld,Eralp Uzun,|,See full cast & crew,",Germany,"Käferfilm Produktion,See more »,","€1,000",
317,A Wedding Most Strange,(2011)," Comedy, Drama, Family            ",4.3,125,Trevor Garlick,"Chris Finch,Louise Houghton,Adz Hunter,|,See full cast & crew,",UK,"Trinity X Productions,See more »,",,
318,The Pretty Boys,(2011), Action            ,5.3,87,Everett Lewis,"Josh Beren,Bryce Blais,Erin Carere,|,See full cast & crew,",USA,,,
319,The Hills Have Thighs,(2008), Comedy            ,3.4,57,James Bubba Cromer,"Hance Oliver,Dona Ayers,Mona Lisa Johnson,|,See full cast & crew,",USA,"Coach Cromer Productions,See more »,","$50,000",
320,Chô-inran: Shimai donburi,(1998)," Drama, Horror            ",7.0,56,Yutaka Ikejima,"Yumi Yoshiyuki,Kanae Mizuhara,Reina Azuma,|,See full cast & crew,",Japan,"Kokuei Company,See more »,",,
321,Goo waak zai: Hung Hing Sap Saam Mooi,(1998), Drama            ,6.6,407,Wai Man Yip,"Sandra Kwan Yue Ng,Kristy Yeung,Alex Fong,|,See full cast & crew,",Hong Kong,"Golden Harvest Company,B.O.B. and Partners,Everwide,See more »,",,
322,The Brotherhood V: Alumni,(2009)," Horror, Thriller            ",2.8,227,David DeCoteau,"Brett Novek,Arthur Napiontek,Preston Davis,|,See full cast & crew,",USA,"here! Films,Max Pix,Rapid Heart Pictures,See more »,","$1,000,000",
323,Los días particulares,(2018)," Comedy, Drama, Romance            ",0.0,0,Chucho E. Quintero,"Gerardo Del Razo,Sofia Sylwin,Carlos Hendrick Huber,|,See full cast & crew,",Mexico,"Cine Clemente,See more »,",,
324,"The Young, the Gay and the Restless",(2006)," Comedy, Drama            ",3.2,210,Joe Castro,"Chris Brown,Caleb Campbell,Damien Christopher,|,See full cast & crew,",USA,"Jesco Film Entertainment,See more »,","$30,000",
325,Amores Possíveis,(2001)," Comedy, Romance, Drama            ",6.9,997,Sandra Werneck,"Murilo Benício,Carolina Ferraz,Emílio de Mello,|,See full cast & crew,",Brazil,"Cineluz - Produções Cinematográficas Lda.,Consorcio Europa,Labo Cine do Brasil Ltda.,See more »,",,
326,Oh Baby!,(2008), Comedy            ,7.6,22,Steven Rothblatt,"Claudia Abundis,Jorge Alberti,Laura Cerón,|,See full cast & crew,",USA,"Continuity Productions,See more »,",,
327,Cat Dancers,(2007), Documentary            ,7.1,261,Harris Fishman,"Joy Holiday,Ron Holiday,Chuck Lizza,",USA,"Cactus Three,HBO Documentary Films,Submarine Entertainment,See more »,",,
328,Lady Peacock,(2014)," Comedy, Romance            ",5.8,137,A.J. Mattioli,"Alec Seymour,Joshua Cruz,Simon Vargas,|,See full cast & crew,",USA,"Mattioli Productions,See more »,","$700,000",
329,An Affirmative Act,(2010)," Crime, Drama, Mystery            ",5.7,84,A.J. Mattioli,"Charles Durning,Costas Mandylor,Robert Clohessy,|,See full cast & crew,",USA,"Justice for All Productions,See more »,","$1,500,000",
330,Story of a Bad Boy,(1999)," Comedy, Drama, Music            ",5.4,188,Tom Donaghy,"Jeremy Hollingworth,Christian Camargo,Stephen Lang,|,See full cast & crew,",USA,,,
331,Wrangler: Anatomy of an Icon,(2008)," Documentary, Biography, Romance            ",5.6,442,Jeffrey Schwarz,"Jack Wrangler,Margaret Whiting,Robert Alvarez,|,See full cast & crew,",USA,"Automat Pictures,Making it Big,See more »,",,
332,Faites comme si je n'étais pas là,(2000), Drama            ,6.7,359,Olivier Jahan,"Jérémie Renier,Aurore Clément,Johan Leysen,|,See full cast & crew,",France,"Arte France Cinéma,Bianca Film,Mikado Film,See more »,",,
333,Tied Up,(2004)," Crime, Drama, Horror            ",6.1,31,Jeremy Rubin,"Shelli Boone,Dana Fares,David Alan Graf,|,See full cast & crew,",USA,"X3 Entertainment Group Inc.,See more »,",,
334,LAID: Life as It's Dealt,(2013)," Drama, Romance            ",6.8,21,,"J.D. Stimson Jr.,Jessica Kinney,Andrew Rodriguez,|,See full cast & crew,",USA,"Last Stop Films,See more »,","$1,500,000",
335,Stille Nacht,(2004)," Crime, Drama, Mystery            ",6.4,799,Ineke Houtman,"Josefien Hendriks,Liesbeth Kamerling,Victoria Koblenko,|,See full cast & crew,",Netherlands,"AVRO Television,The Film Kitchen,Waterland Film & TV,See more »,",,
336,Words,(I) (2018), Documentary            ,8.1,12,A.J. Mattioli,"Carmen Carrera,Caldwell Tidicue,Shakina Nayfack,|,See full cast & crew,",USA,"Mattioli Productions,See more »,","$40,000",
337,Varuh meje,(2002)," Drama, Horror, Mystery            ",5.7,392,Maja Weiss,"Jan Hadzic,Gasper Jarni,Milada Kalezic,|,See full cast & crew,","Slovenia,Germany,France","Bela Film,Taris Film,See more »,",,
338,T.M.A.,(2009)," Horror, Mystery, Thriller            ",4.7,152,Juraj Herz,"Ivan Franek,Lenka Krobotová,Malgorzata Kozuchowska,|,See full cast & crew,",Czech Republic,"Gatteo,See more »,",,
339,Unhappy Birthday,(2011)," Drama, Horror, Mystery            ",3.7,202,,"David Paisley,Christina De Vallee,Jill Riddiford,|,See full cast & crew,",UK,,,
340,Three,(I) (2018)," Drama, Romance            ",0.0,0,A.R. Mavero,"Julian Gavilanes,Donnell E. Smith,Travis Bratten,|,See full cast & crew,",USA,"The Mavo,See more »,",,
341,My Girlfriend's Boyfriend,(1999)," Comedy, Romance            ",5.0,139,Kenneth Schapiro,"Sean Runnette,Debbie Gibson,Jill Novick,|,See full cast & crew,",USA,"Enlightenment Productions,See more »,",,
342,The Freediver,(2004)," Action, Adventure            ",7.5,"1,454",Alki David,"Alki David,Adam Baldwin,Camilla Rutherford,|,See full cast & crew,",UK,"Full On Film Productions (I),Persistent Entertainment,fresh media,See more »,","$5,000,000",
343,Straightlaced: How Gender's Got Us All Tied Up,(2009), Documentary            ,6.9,25,Debra Chasnoff,,USA,"GroundSpark,See more »,",,
344,Bi the Way,(2008), Documentary            ,6.1,108,,"Austin Head,J. Michael Bailey,Jennifer Bamgardner,|,See full cast & crew,",USA,,,
345,Xingxing xiangxi xi,(2008)," Drama, Sci-Fi            ",4.1,16,Zi'en Cui,"Bo Yu,Guifeng Wang,Xiwen Zhang,|,See full cast & crew,",China,"Cuizi DV Studio,See more »,",,
346,Das Trio,(1998)," Comedy, Crime, Romance            ",6.4,340,Hermine Huntgeburth,"Götz George,Christian Redl,Jeanette Hain,|,See full cast & crew,",Germany,"Arte,Next Film,Norddeutscher Rundfunk (NDR),See more »,","DEM 5,000,000",
347,More Than Friendship,(2013)," Drama, Romance            ",4.8,192,Timmy Ehegötz,"Michèle Fichtner,Holger Foest,Jakob Philipp Graf,|,See full cast & crew,",Germany,"Beyond Pictures,See more »,","€33,000",
348,Divin enfant,(2014), Comedy            ,4.9,88,Olivier Doran,"Émilie Dequenne,Sami Bouajila,Géraldine Pailhas,|,See full cast & crew,","France,Luxembourg,Belgium","Thelma Films,Iris Productions,Iris Films,See more »,",,
349,Pick Up the Mic,(2006), Documentary            ,8.2,76,Alex Hinton,"Aggracyst,Deadlee,Dutchboy,|,See full cast & crew,",USA,"Planet Janice Films,Rhino Films,See more »,",,
350,Thoth,(2002)," Documentary, Music            ",7.0,181,Sarah Kernochan,,USA,"Amateur Rabbit,See more »,",,
351,L'arbre et la forêt,(2010), Drama            ,6.7,173,,"Guy Marchand,Françoise Fabian,Sabrina Seyvecou,|,See full cast & crew,",France,"Maia Cinema,Les Films du Lendemain,Centre National de la Cinématographie (CNC),See more »,",,
352,Chronic,(2017), Drama            ,5.6,7,Mohamed Sabbah,"Charbel Kamel,Mohamad Al Khansa,Caroline Hatem,|,See full cast & crew,","Lebanon,Germany","Filmakademie Baden-Württemberg,Robert Bosch Stiftung,See more »,",,
353,Défense d'aimer,(2002), Drama            ,5.5,249,Rodolphe Marconi,"Rodolphe Marconi,Andrea Necci,Echo Danon,|,See full cast & crew,",France,"Centre National de la Cinématographie (CNC),See more »,",,"$4,075,"
354,Blind Target,(2000)," Adventure, Thriller, Action            ",3.1,150,Jesús Franco,"Rachel Sheppard,Tatiana Cohen,Oliver Dennis,|,See full cast & crew,","Spain,USA","One Shot Productions,See more »,",,
355,Shem,(2004), Drama            ,4.6,135,Caroline Roboh,"Asier Newman,Hadassah Hungar Diamant,Arturo Brachetti,|,See full cast & crew,","Israel,UK","BIF Productions,Visual Factory,See more »,",,"$14,804,"
356,The Ski Trip,(2004)," Comedy, Romance            ",5.5,135,Maurice Jamal,"Liz Beckham,Will Blagrove,Cassandra Cruz,|,See full cast & crew,",USA,,,
357,Apo thavma,(2010), Drama            ,6.3,40,Marinos Kartikkis,"Eliza Patsalidou,Giorgos Hatzikyriakou,Lefteris Salomidis,|,See full cast & crew,",Cyprus,"A.B. Seahorse Films,AMP Filmworks,Cyprus Film Advisory Board,See more »,",,
358,Flirting with Anthony,(2005)," Romance, Thriller            ",1.9,313,Christian Calson,"Daniel Cartier,Lowe Cunningham,Ryan A. Allen,|,See full cast & crew,",USA,"Bruiser Films LLC,See more »,",,
359,Nincsen nekem vágyam semmi,(2000), Drama            ,5.8,143,Kornél Mundruczó,"Ervin Nagy,Roland Rába,Martina Kovács,|,See full cast & crew,",Hungary,,,
360,Late Fragment,(2007), Drama            ,6.4,54,,"Benz Antoine,Jerry Azzopardi,Marc Bendavid,|,See full cast & crew,",Canada,"Canadian Film Centre (CFC),National Film Board of Canada (NFB),See more »,","CAD 1,000,000",
361,Billy Shakespeare,(2014)," Comedy, Romance            ",7.8,20,Deborah Voorhees,"Jason D. Johnson,Catharine E. Jones,Phillip David Collins,|,See full cast & crew,",USA,"Billy Shakespeare Project,See more »,","$80,000",
362,Tigerstreifenbaby wartet auf Tarzan,(1998), Drama            ,6.3,70,Rudolf Thome,"Herbert Fritsch,Valeska Hanel,Cora Frost,|,See full cast & crew,",Germany,"Moana-Film,Westdeutscher Rundfunk (WDR),See more »,",,
363,Nonsense Revolution,(2008)," Comedy, Drama            ",6.5,96,Ann Verrall,"Anastasia Phillips,Alex House,Gregory Penney,|,See full cast & crew,",Canada,"Emotion Pictures,See more »,",,
364,Gay Positive,(2014), Documentary            ,7.4,7,A.J. Mattioli,"Rutanya Alda,Blanche Baker,Jim Colucci,|,See full cast & crew,",USA,"Mattioli Productions,See more »,","$40,000",
365,Wake Up Alone,(2017), Drama            ,0.0,0,Rathan Krueger,"Anita Nicole Brown,Anne-Marie Christine,Ferria Gong,|,See full cast & crew,",USA,"Darkness Opera,See more »,",,
366,Six Sex Scenes and a Murder,(2008)," Crime, Mystery            ",4.3,72,Julie Rubio,"Amy Jo Brogan,Clyde J. Bruff,Isbella Calderon,|,See full cast & crew,",USA,"East Meets West Productions,See more »,","$400,000",
367,Isola: Tajuu jinkaku shôjo,(2000)," Action, Drama, Horror            ",5.4,260,Toshiyuki Mizutani,"Yoshino Kimura,Yû Kurosawa,Ken Ishiguro,|,See full cast & crew,",Japan,,,
368,Amic/Amat,(1999), Drama            ,6.8,388,Ventura Pons,"Josep Maria Pou,Rosa Maria Sardà,Mario Gas,|,See full cast & crew,",Spain,"Els Films de la Rambla,Televisión Española (TVE),Canal+ España,See more »,","ESP 150,000,000",
369,El sueño de Ibiza,(2002)," Drama, Romance            ",5.2,175,Igor Fioravanti,"Adrià Collado,Paco Marín,Adriana Domínguez,|,See full cast & crew,",Spain,"La Perifèrica Produccions S.L.,Maestranza Films,See more »,",,
370,Bachelor,(2016), Comedy            ,0.0,0,Lewis Peet,"Maximillian King,Oli Higginson,Ziggy Luz,|,See full cast & crew,",UK,"Nineties Kid Productions,See more »,",£500,
371,Why Be Good? Sexuality & Censorship in Early Cinema,(2007)," Documentary, History            ",5.9,108,Elaina Archer,"Diane Lane,Chris Basinger,Jeanine Basinger,|,See full cast & crew,",USA,"A&F Productions,Playboy Enterprises,See more »,",,
372,Miente,(2009)," Drama, Mystery, Thriller            ",5.8,77,Rafi Mercado,"Oscar H. Guerrero,Mariana Santangelo Goldman,Frank Perozo,|,See full cast & crew,","Puerto Rico,Dominican Republic","Isla Films,See more »,",,
373,Quanto Dura o Amor?,(2009)," Drama, Romance            ",6.3,133,Roberto Moreira,"Maria Clara Spinelli,Sílvia Lourenço,Danni Carlos,|,See full cast & crew,",Brazil,"Coração da Selva,See more »,",,
374,Rizoto,(2000)," Comedy, Drama, Romance            ",3.9,337,Olga Malea,"Anna Mascha,Dimitra Matsouka,Kleon Gregoriadis,|,See full cast & crew,",Greece,"Antenna TV,Papandreou A.E.,Plenman Enterprises,See more »,",,
375,Verde verde,(2012), Drama            ,5.8,31,Enrique Pineda Barnet,"Héctor Noas,Carlos Miguel Caballero,Farah Maria,|,See full cast & crew,","Cuba,Spain","Instituto Cubano del Arte e Industrias Cinematográficos (ICAIC),Malas Compañías P.C. S.L.,See more »,",,
376,Luma,(I) (2015), Drama            ,5.3,7,Silvia Rietdorff,"Melanie Isakowitz,Anja Ressmer,Dirk Talága,|,See full cast & crew,",Germany,"Platura,See more »,","€25,000",
377,Southwest,(I) (2013)," Action, Crime, Drama            ",7.2,100,Shawn Lecrone,"Danielle Lecrone,Eric Young,Barry Fitzgerald,|,See full cast & crew,",USA,"Wanted Dead Pictures,See more »,","$65,000",
378,Totally Confused,(1998), Comedy            ,5.7,162,,"Greg Pritikin,Gary Rosen,Jackie Katzman,|,See full cast & crew,",USA,,,
379,The Private Public,(2001)," Comedy, Drama            ",4.1,62,Dana Altman,"Traci Bingham,David Burns,Jason Cornwell,|,See full cast & crew,",USA,"North Sea Films,See more »,",,
380,Paname,(2010)," Drama, Romance            ",6.5,13,Alessandro Avellis,"Nicolas Villena,Clémence Beauxis,Tom Hénin,|,See full cast & crew,",France,,,
381,Three of Hearts: A Postmodern Family,(2004), Documentary            ,7.1,166,Susan Kaplan,"Sam Cagnina,Steven Margolin,Samantha Singh,",USA,"Bravo Cable,Cactus Three,See more »,",,"$19,738,"
382,Blue,(II) (2002)," Drama, Romance            ",6.4,260,Hiroshi Ando,"Mikako Ichikawa,Manami Konishi,Asami Imajuku,|,See full cast & crew,",Japan,"Blue Production Partnership,Eisei Gekijo,Kobi Co.,See more »,",,
383,Hua wei mei,(2011)," Drama, Romance            ",5.1,62,François Chang,"Nranus Chen,Jason Lau,Hayden Leung,|,See full cast & crew,",China,,"€3,000",
384,Sono positivo,(1999)," Comedy, Drama            ",6.1,71,Cristiano Bortone,"Giovanni Esposito,Cristina Liberati,Paolo Sassanelli,|,See full cast & crew,",Italy,"Boccia Film,Orisa Produzioni,Pasquino,See more »,",,
385,5 sehat 4 sempurna,(2002), Comedy            ,6.0,27,Richard Buntario,"Fathir Muchtar,Rena Tabitha,Indra Bekti,|,See full cast & crew,",Indonesia,,,
386,Speak Like a Child,(1998)," Comedy, Drama, Romance            ",7.4,68,John Akomfrah,"Cal MacAninch,Richard Mylan,Rachel Fielding,|,See full cast & crew,",UK,"British Film Institute (BFI),Leda Serene Films,See more »,",,
387,Finding Me: Truth,(2011)," Drama, Romance            ",5.8,34,Roger S. Omeus Jr.,"Josh Breckenridge,Derrick L. Briggs,Bry'Nt,|,See full cast & crew,",USA,"OmeProductions,See more »,",,
388,Vagón fumador,(2001), Drama            ,5.3,221,Verónica Chen,"Cecilia Bengolea,Leonardo Brzezicki,Adrián Fondari,|,See full cast & crew,",Argentina,"Ezeiza Films,Instituto Nacional de Cine y Artes Audiovisuales (INCAA),Serene Skylight,See more »,",,"$11,536,"
389,Both,(2005), Documentary            ,6.5,31,Lisset Barcellos,"Fabrizio Aguilar,Ximena Ameri,Pablo Barcellos,|,See full cast & crew,",USA,"Solaris Films,See more »,","$150,000",
390,Free Havana,(2012), Documentary            ,6.7,9,Eliezer Pérez Angueira,,"USA,Cuba","Silica Street Productions,See more »,","$5,000",
391,Dangerous Living: Coming Out in the Developing World,(2003)," Comedy, Drama, Romance            ",7.3,134,John Scagliotti,"Janeane Garofalo,Maher Sabry,",USA,,,
392,Broken Gardenias,(2014), Documentary            ,5.9,35,Kai Alexander,"Alma S. Grey,A. Jack Morocco,Caroline Heinle,|,See full cast & crew,",USA,"Zep Tepi Films,See more »,",,
393,Ten More Good Years,(2007), Documentary            ,8.6,10,Michael Jacoby,"Harry Bartron,Harry Bartron,James Bidgood,|,See full cast & crew,",USA,"LookOut Films,See more »,","$200,000",
394,Du ska nog se att det går över,(2003), Drama            ,6.5,161,Cecilia Neant-Falk,"Eva Dahlgren,Natalie Durbeej,Kronprinsessan Victoria,|,See full cast & crew,",Sweden,"Riot Reel AB,APS,Kinotar,See more »,",,
395,Suicide Service,(2017)," Drama, Fantasy, Mystery            ",7.9,25,Thorkell August Ottarsson,"Tor Itai Keilen,Nick Faust,Camilla Gunnerud,|,See full cast & crew,",Norway,"Gloomy Elk,See more »,","$5,000",
396,Cherry,(I) (2009), Documentary            ,4.8,16,Matt Burgess,"Jasper Marlow,Georgina Lloyd,James Selles,|,See full cast & crew,",Australia,,,
397,We can Be Gay Today: Baltic Pride 2013,(2014)," Documentary, Family, History            ",7.3,10,,,"France,Lithuania","Sticky Notes Films,See more »,","€3,000",
398,Purple Skies,(2014)," Drama, Romance            ",7.2,11,Sridhar Rangayan,"Sonal Giani,Anand Grover,Prashansa Gurung,|,See full cast & crew,",India,"PSBT,Solaris Pictures,See more »,",,
399,Gu lian hua,(2005)," Comedy, Drama, Romance            ",6.8,80,Jui-Yuan Tsao,"Anita Yuen,Angelica Lee,Shu-shen Hsiao,|,See full cast & crew,",Taiwan,,,
400,Curiosity Killed the Cat,(2012), Comedy            ,8.4,5,A.J. Mattioli,"Blanche Baker,Elissa Goldstein,Keith Collins,|,See full cast & crew,",USA,"Mattioli Productions,Dreamcatcher Entertainment,See more »,","$20,000",
401,The D Word,(2005)," Comedy, Drama, Romance            ",6.3,26,,"Stephen Alexander,Tony Arnaud,Michele Balan,|,See full cast & crew,",USA,"The D Word LLC,See more »,","$150,000",
402,Maple Palm,(2006)," Comedy, Drama            ",1.5,304,Ralph Torjan,"Deborah Stewart,Taymour Ghazi,Andrea Carvajal,|,See full cast & crew,",USA,"FATfilms LLC,See more »,","$500,000",
403,So Long Suburbia,(2016), Documentary            ,0.0,0,Samuel Shanahoy,"Aliza Bosa,Sorrel Corvid,Tuesday Ferguson,|,See full cast & crew,",Canada,,"CAD 1,000",
404,WebCam Boys,(2001), Drama            ,4.6,21,,"Zack Allen,Ant,Cody & Cory,|,See full cast & crew,",USA,,,
405,El derecho de Jesús - The Right of Jesús,(2008), Documentary            ,3.8,15,Jesús Galindo,"Antonio Rufino,Guadalupe Alarcon,William Colvin,|,See full cast & crew,",USA,"Galindo Productions,See more »,","$20,000",
406,13 Genders,(2004), Drama            ,8.2,5,Cyra K. Polizzi,"Richard Paro,Marcus Peterson,Katie Knutson,|,See full cast & crew,",USA,"Full Voice,See more »,",,
407,Listening to Rain,(2012), Romance            ,6.6,5,Joshua Good,"Erica Gonzales,Samantha Rakell,Katie Stewart,|,See full cast & crew,",USA,"Joshua Tree Creative,See more »,",,
408,Little Fishes,(2014)," Documentary, Drama, Family            ",0.0,0,Alexia Anastasio,"Alexia Anastasio,Max Cutler,James Tyler Johnson,|,See full cast & crew,",USA,"I Believe Productions,See more »,",,
409,Hello Stranger,(I) (2014), Drama            ,0.0,0,Thomas Ammann,,Switzerland,,,
410,Así,(2005), Drama            ,5.9,59,Jesús Mario Lozano,"Roberto García Suárez,Oliver Cantú Lozano,Berenice Almaguer,|,See full cast & crew,",Mexico,"Xul Producciones,See more »,","$250,000",
411,Iglú,(2013), Drama            ,6.3,48,Diego Ruiz,"Diego Ruiz,Alessandra Guerzoni,Camila Hirane,|,See full cast & crew,",Chile,"Storyboard Media,Creative Content,See more »,","$150,000",
412,Fremde Freundin,(1999), Documentary            ,5.3,30,Anne Høegh Krohn,"Dirk Borchardt,Inga Busch,Markus Böttcher,|,See full cast & crew,",Germany,"Deutsche Film- und Fernsehakademie Berlin (DFFB),Moneypenny Filmproduktion GmbH,Zweites Deutsches Fernsehen (ZDF),See more »,",,
413,Brother Born Again,(2001), Drama            ,6.8,54,Julia Pimsleur,"Julia Pimsleur,Katy Chevigny,Lucas Clark,|,See full cast & crew,",USA,"Arts Engine,Big Mouth Productions,See more »,",,
414,Desperate bekjentskaper,(1998)," Documentary, Biography, Music            ",4.8,73,Svend Wam,"Anders Dale,Janic Heen,Bjarte Hjelmeland,|,See full cast & crew,",Norway,"Mefistofilm A/S,See more »,",,
415,Joaquin La Habana - LebenZwischenWelten,(2014), Documentary            ,0.0,0,Bernhard P. Beutler,,"Germany,USA","Filmriss,See more »,",,
416,Before Homosexuals,(2017), Drama            ,0.0,0,John Scagliotti,"Janet Afary,Laetitia Andrieu,Susan Bonthron,|,See full cast & crew,",USA,"After Stonewall,See more »,",,
417,Mo yan ka sai,(2000), Documentary            ,6.6,106,Lawrence Ah Mon,"Angela Au,Man Sze Au,Wing Yin Cheung,|,See full cast & crew,",Hong Kong,"Mei Ah Films Production Co. Ltd.,Milky Way Image Company,See more »,",,
418,Pier Kids: The Life,(2015)," Biography, Comedy, Drama            ",0.0,0,Elegance Bratton,"Krystal Dixon,DeSean Irby,Krystal LaBeija,|,See full cast & crew,",USA,,"$43,050",
419,Peter Pandrew,(2015), Documentary            ,0.0,0,Andrew Cristi,"Marcus Acosta,Madeline Anthony,Hamid Castro,|,See full cast & crew,",USA,"Peter Pandrew Production,See more »,","$20,000",
420,"Many People, Many Desires",(2007), Drama            ,0.0,0,T. Jayashree,,India,,,
421,Entrada y Salida,(2012), Drama            ,0.0,0,,"Enrique Abasolo,Alejandro Blanco,Josue Corona,|,See full cast & crew,",Mexico,"Sindicato Visual,See more »,","MXN 15,000",
422,Kumpisal,(2007), Documentary            ,0.0,0,Ihman Esturco,"Josh Ivan Morales,Will Sandejas,",Philippines,"Artists Entertainment,See more »,",,
423,Sexuality the Documentary,(2001), Documentary            ,0.0,0,Florence Vinger,"Reg Ranyard,Jeff Shevlowitz,Jenny Shimizu,|,See full cast & crew,",USA,"Stretch Productions,See more »,","$60,000",
424,Habana Libre,(2006), Documentary            ,0.0,0,Eliezer Pérez Angueira,,"Cuba,USA","Al Pecho Producciones,Silica Street Productions,See more »,",$200,
425,Coming out po polsku,(2011), Documentary            ,0.0,0,,,Poland,"Ragusa Film,See more »,",,
426,Dancing on Pearls,(1998), Documentary            ,8.0,6,K. Brent Hill,,USA,,,
427,Lead with Love: A Documentary Film by Logan Lynn,(2017),,0.0,0,Logan Lynn,"Logan Lynn,Tim Smith,Dawn Menken,",USA,"PCM Productions,See more »,","$15,000",
