,name,year,genre
0,Deadpool 2,(2018)," Action, Adventure, Comedy            "
1,The Favourite,(2018)," Biography, Drama            "
2,"Juliet, Naked",(2018)," Comedy, Drama, Music            "
3,V for Vendetta,(2005)," Action, Drama, Sci-Fi            "
4,Annihilation,(2018)," Adventure, Drama, Horror            "
5,Can You Ever Forgive Me?,(2018)," Biography, Comedy, Crime            "
6,The Wolf of Wall Street,(2013)," Biography, Comedy, Crime            "
7,La piel que habito,(2011)," Drama, Horror, Thriller            "
8,Climax,(2018)," Drama, Horror, Music            "
9,Män som hatar kvinnor,(2009)," Crime, Drama, Mystery            "
10,Watchmen,(2009)," Action, Drama, Mystery            "
11,Pitch Perfect,(2012)," Comedy, Music, Romance            "
12,Scott Pilgrim vs. the World,(2010)," Action, Comedy, Fantasy            "
13,The Haunting,(1999)," Fantasy, Horror, Mystery            "
14,Disobedience,(2017)," Drama, Romance            "
15,Atomic Blonde,(2017)," Action, Mystery, Thriller            "
16,American Psycho,(2000)," Crime, Drama            "
17,Blockers,(2018), Comedy            
18,Mulholland Dr.,(2001)," Drama, Mystery, Thriller            "
19,Tully,(2018)," Comedy, Drama, Mystery            "
20,Ghost in the Shell,(2017)," Action, Drama, Sci-Fi            "
21,La vie d'Adèle,(2013)," Drama, Romance            "
22,Allied,(2016)," Action, Drama, Romance            "
23,The Intouchables,(2011)," Biography, Comedy, Drama            "
24,Sausage Party,(2016)," Animation, Adventure, Comedy            "
25,Power Rangers,(2017)," Action, Adventure, Sci-Fi            "
26,Not Another Teen Movie,(2001), Comedy            
27,Below Her Mouth,(2016)," Drama, Romance            "
28,The Neon Demon,(2016)," Horror, Thriller            "
29,Cruel Intentions,(1999)," Drama, Romance            "
30,Flickan som lekte med elden,(2009)," Crime, Drama, Mystery            "
31,Monster,(2003)," Biography, Crime, Drama            "
32,Training Day,(2001)," Crime, Drama, Thriller            "
33,The Dictator,(2012), Comedy            
34,Rough Night,(2017)," Comedy, Crime, Thriller            "
35,Carol,(2015)," Drama, Romance            "
36,The World's End,(2013)," Action, Comedy, Sci-Fi            "
37,(500) Days of Summer,(2009)," Comedy, Drama, Romance            "
38,Adoration,(2013)," Drama, Romance            "
39,Elizabeth,(1998)," Biography, Drama, History            "
40,Wild Things,(1998)," Crime, Drama, Mystery            "
41,Year One,(2009)," Adventure, Comedy            "
42,Waiting...,(I) (2005), Comedy            
43,Professor Marston and the Wonder Women,(2017)," Biography, Drama            "
44,Enter the Void,(2009)," Drama, Fantasy            "
45,Up in the Air,(I) (2009)," Drama, Romance            "
46,Being John Malkovich,(1999)," Comedy, Drama, Fantasy            "
47,Vicky Cristina Barcelona,(2008)," Drama, Romance            "
48,La pianiste,(2001)," Drama, Music            "
49,Mike and Dave Need Wedding Dates,(2016)," Adventure, Comedy, Romance            "
50,Lizzie,(2018)," Biography, Crime, Drama            "
51,Perfume: The Story of a Murderer,(2006)," Crime, Drama, Fantasy            "
52,Anger Management,(2003), Comedy            
53,Thelma,(II) (2017)," Drama, Fantasy, Horror            "
54,Rent,(2005)," Drama, Musical, Romance            "
55,Hostel: Part II,(2007), Horror            
56,Wet Hot American Summer,(2001)," Comedy, Romance            "
57,Miss Congeniality,(2000)," Action, Comedy, Crime            "
58,Basic Instinct 2,(2006)," Drama, Mystery, Thriller            "
59,Habitación en Roma,(2010)," Drama, Romance            "
60,Thirteen,(2003), Drama            
61,This Is Where I Leave You,(2014)," Comedy, Drama            "
62,Smokin' Aces,(2006)," Action, Crime, Drama            "
63,Song to Song,(I) (2017)," Drama, Music, Romance            "
64,Under the Tuscan Sun,(2003)," Comedy, Drama, Romance            "
65,End of Watch,(2012)," Action, Crime, Drama            "
66,"Me, Myself & Irene",(2000), Comedy            
67,Kiss Kiss Bang Bang,(2005)," Action, Comedy, Crime            "
68,The Late Bloomer,(2016)," Comedy, Drama, Romance            "
69,Election,(1999)," Comedy, Drama, Romance            "
70,The Hours,(2002)," Drama, Romance            "
71,Side Effects,(I) (2013)," Crime, Drama, Mystery            "
72,Grindhouse,(2007)," Action, Horror, Thriller            "
73,Whitney,(2018)," Documentary, Biography, Music            "
74,Lez Bomb,(2018)," Comedy, Drama            "
75,Frida,(2002)," Biography, Drama, Romance            "
76,If I Stay,(2014)," Drama, Fantasy, Music            "
77,American Pie 2,(2001), Comedy            
78,Planet Terror,(2007)," Action, Comedy, Horror            "
79,Saved!,(2004)," Comedy, Drama            "
80,Milk,(I) (2008)," Biography, Drama            "
81,From Hell,(2001)," Horror, Mystery, Thriller            "
82,Passion,(2012)," Drama, Mystery, Thriller            "
83,Dope,(2015)," Comedy, Crime, Drama            "
84,Precious,(II) (2009), Drama            
85,The Party,(I) (2017)," Comedy, Drama            "
86,Jay and Silent Bob Strike Back,(2001), Comedy            
87,Bully,(2001)," Biography, Crime, Drama            "
88,Bend It Like Beckham,(2002)," Comedy, Drama, Romance            "
89,Io sono l'amore,(2009)," Drama, Romance            "
90,Lucía y el sexo,(2001)," Drama, Romance            "
91,Fruitvale Station,(2013)," Biography, Drama, Romance            "
92,The Boat That Rocked,(2009)," Comedy, Drama, Music            "
93,Across the Universe,(2007)," Drama, Fantasy, Musical            "
94,The Runaways,(2010)," Biography, Drama, Music            "
95,Femme Fatale,(2002)," Crime, Drama, Mystery            "
96,Sunshine Cleaning,(2008)," Comedy, Drama            "
97,Rock Star,(2001)," Drama, Music            "
98,Circle,(II) (2015)," Drama, Mystery, Sci-Fi            "
99,The Taking,(2014)," Horror, Mystery, Thriller            "
100,Boys Don't Cry,(1999)," Biography, Crime, Drama            "
101,Shortbus,(2006)," Drama, Romance            "
102,Girlhouse,(2014)," Horror, Thriller            "
103,The Woman,(I) (2011), Horror            
104,The Rules of Attraction,(2002)," Comedy, Drama, Romance            "
105,Certain Women,(2016), Drama            
106,Made of Honor,(2008)," Comedy, Romance            "
107,Duck Butter,(2018)," Comedy, Drama, Romance            "
108,Imagine Me & You,(2005)," Comedy, Drama, Romance            "
109,The Little Hours,(2017)," Comedy, Romance            "
110,Fired Up!,(2009), Comedy            
111,La terza madre,(2007)," Drama, Horror, Thriller            "
112,Ne le dis à personne,(2006)," Crime, Drama, Mystery            "
113,Away We Go,(2009)," Comedy, Drama, Romance            "
114,Best in Show,(2000), Comedy            
115,Their Finest,(2016)," Comedy, Drama, Romance            "
116,Half Baked,(1998)," Comedy, Crime            "
117,Orange County,(2002)," Comedy, Drama            "
118,Todo sobre mi madre,(1999), Drama            
119,Bridget Jones: The Edge of Reason,(2004)," Comedy, Drama, Romance            "
120,54,(1998)," Drama, Music            "
121,The Black Dahlia,(2006)," Crime, Drama, Mystery            "
122,Mercy,(I) (2017)," Drama, Romance            "
123,North Country,(2005), Drama            
124,Lost and Delirious,(2001)," Drama, Romance            "
125,The Kids Are All Right,(2010)," Comedy, Drama, Romance            "
126,Without a Paddle,(2004)," Adventure, Comedy, Mystery            "
127,The Hero,(I) (2017)," Comedy, Drama, Romance            "
128,Tra(sgre)dire,(2000)," Comedy, Drama            "
129,Mona Lisa Smile,(2003), Drama            
130,But I'm a Cheerleader,(1999)," Comedy, Drama, Romance            "
131,Tammy,(2014)," Comedy, Romance            "
132,What Keeps You Alive,(2018)," Horror, Thriller            "
133,Notes on a Scandal,(2006)," Crime, Drama, Romance            "
134,Gigli,(2003)," Comedy, Crime, Romance            "
135,Swimming Pool,(2003)," Crime, Drama, Mystery            "
136,My Summer of Love,(2004)," Drama, Romance, Thriller            "
137,Fucking Åmål,(1998)," Comedy, Drama, Romance            "
138,The Feels,(2017)," Comedy, Romance            "
139,Stay,(I) (2005)," Drama, Mystery, Thriller            "
140,The Canyons,(2013)," Drama, Thriller            "
141,American Mary,(2012)," Drama, Horror            "
142,Teenage Cocktail,(2016)," Drama, Thriller            "
143,The Intervention,(I) (2016)," Comedy, Drama            "
144,Concussion,(2013), Drama            
145,Sliding Doors,(1998)," Comedy, Drama, Fantasy            "
146,Kicking & Screaming,(2005)," Comedy, Family, Romance            "
147,Elena Undone,(2010)," Drama, Romance            "
148,A Perfect Ending,(2012)," Drama, Romance            "
149,Freeheld,(2015)," Biography, Drama, Romance            "
150,Loving Annabelle,(2006)," Drama, Romance            "
151,Lesbian Vampire Killers,(2009)," Action, Comedy, Fantasy            "
152,Perfect Stranger,(2007)," Crime, Drama, Horror            "
153,The Stepfather,(2009)," Crime, Thriller            "
154,Novitiate,(2017), Drama            
155,Bug,(2006)," Drama, Horror, Thriller            "
156,Chinjeolhan geumjassi,(2005)," Crime, Drama, Thriller            "
157,An Unfinished Life,(2005)," Drama, Family, Romance            "
158,All American Bikini Car Wash,(2015), Comedy            
159,Urban Legends: Final Cut,(2000)," Horror, Mystery, Thriller            "
160,Careful What You Wish For,(2015)," Drama, Thriller            "
161,Albert Nobbs,(2011)," Drama, Romance            "
162,Kinsey,(2004)," Biography, Drama, Romance            "
163,Bloomington,(2010), Drama            
164,Córki dancingu,(2015)," Drama, Fantasy, Horror            "
165,100 Girls,(2000)," Comedy, Romance            "
166,Princess Cyd,(2017)," Drama, Romance            "
167,I Can't Think Straight,(2008)," Drama, Romance            "
168,Better Than Chocolate,(1999)," Comedy, Drama, Romance            "
169,88 Minutes,(2007)," Crime, Drama, Mystery            "
170,The Comedian,(2016), Comedy            
171,White Oleander,(2002), Drama            
172,Women in Trouble,(2009)," Comedy, Drama            "
173,Clouds of Sils Maria,(2014), Drama            
174,What We Did on Our Holiday,(2014)," Comedy, Drama            "
175,Hollywoodland,(2006)," Biography, Crime, Drama            "
176,4/20 Massacre,(2018)," Action, Horror            "
177,I Could Never Be Your Woman,(2007)," Comedy, Drama, Romance            "
178,Trauma,(II) (2017)," Action, Drama, Horror            "
179,Our Idiot Brother,(2011)," Comedy, Drama            "
180,May,(2002)," Drama, Horror            "
181,A Dirty Shame,(2004), Comedy            
182,The Sense of an Ending,(2017)," Drama, Mystery            "
183,Lap Dance,(2014), Drama            
184,The Skeleton Twins,(2014)," Comedy, Drama, Romance            "
185,Monamour,(2006), Drama            
186,The Girl King,(2015)," Biography, Drama, History            "
187,Despite the Falling Snow,(2016)," Drama, Mystery, Romance            "
188,Where the Truth Lies,(2005)," Crime, Drama, Mystery            "
189,Bitch Slap,(2009)," Action, Comedy, Crime            "
190,Breach,(2007)," Biography, Crime, Drama            "
191,Miss March,(2009)," Comedy, Romance            "
192,Fun Size,(2012)," Adventure, Comedy            "
193,D.E.B.S.,(2004)," Action, Comedy, Romance            "
194,Accidental Love,(2015)," Comedy, Romance            "
195,The Private Lives of Pippa Lee,(2009)," Comedy, Drama, Romance            "
196,Amazon Hot Box,(2018), Action            
197,Kissing Jessica Stein,(2001)," Comedy, Drama, Romance            "
198,The Libertine,(2004)," Biography, Drama, History            "
199,La belle saison,(2015)," Drama, Romance            "
200,The Jane Austen Book Club,(2007)," Comedy, Drama, Romance            "
201,The Other Sister,(1999)," Comedy, Drama, Romance            "
202,Contracted,(2013)," Drama, Horror, Thriller            "
203,Ashley,(I) (2013), Drama            
204,Circumstance,(2011), Drama            
205,Dealin' with Idiots,(2013), Comedy            
206,Stonewall,(2015), Drama            
207,8 femmes,(2002)," Comedy, Crime, Musical            "
208,Postal,(2007)," Action, Comedy, Thriller            "
209,Jenny's Wedding,(2015)," Comedy, Drama            "
210,High Art,(1998)," Drama, Romance            "
211,Celebrity,(1998)," Comedy, Drama            "
212,First Girl I Loved,(2016)," Drama, Romance            "
213,The ABCs of Death,(2012)," Comedy, Horror            "
214,Tomcats,(2001), Comedy            
215,The War Zone,(1999), Drama            
216,Holy Smoke,(1999)," Drama, Comedy            "
217,Kiss the Bride,(2002)," Comedy, Drama, Romance            "
218,Grandma,(2015)," Comedy, Drama            "
219,A Few Best Men,(2011)," Comedy, Romance            "
220,Diamantino,(2018)," Comedy, Drama, Fantasy            "
221,"Guns, Girls and Gambling",(2012)," Crime, Thriller            "
222,Kaboom,(2010)," Comedy, Mystery, Romance            "
223,After Sex,(2007)," Comedy, Drama, Romance            "
224,Bare,(I) (2015)," Drama, Romance            "
225,Ai no mukidashi,(2008)," Action, Comedy, Drama            "
226,In Good Company,(2004)," Comedy, Drama, Romance            "
227,Your Sister's Sister,(2011)," Comedy, Drama            "
228,Respire,(2014), Drama            
229,Eagle vs Shark,(2007)," Comedy, Romance            "
230,Everything Is Illuminated,(2005)," Comedy, Drama            "
231,Prime,(2005)," Comedy, Drama, Romance            "
232,Feast of Love,(2007)," Drama, Romance            "
233,Scarlet Diva,(2000), Drama            
234,Laurel Canyon,(2002), Drama            
235,Saving Face,(2004)," Comedy, Drama, Romance            "
236,3 Generations,(2015), Drama            
237,Pretty Persuasion,(2005)," Comedy, Drama            "
238,Megan Is Missing,(2011)," Drama, Horror, Thriller            "
239,The Carmilla Movie,(2017)," Comedy, Horror, Romance            "
240,Survival of the Dead,(2009)," Comedy, Drama, Horror            "
241,Almost Adults,(2016)," Comedy, Drama            "
242,Hello Again,(2017)," Drama, Music, Musical            "
243,Tanner Hall,(2009)," Drama, Romance            "
244,Les anges exterminateurs,(2006)," Drama, Fantasy            "
245,Nude Nuns with Big Guns,(2010)," Action, Comedy, Thriller            "
246,Running with Scissors,(2006)," Comedy, Drama            "
247,Happy Endings,(2005)," Comedy, Drama, Music            "
248,The Weight of Water,(2000)," Crime, Drama, Mystery            "
249,XX/XY,(2002)," Drama, Romance            "
250,Another Gay Movie,(2006)," Comedy, Romance            "
251,Going Clear: Scientology & the Prison of Belief,(2015), Documentary            
252,Employee of the Month,(2004)," Comedy, Drama            "
253,Believer,(I) (2018)," Documentary, Music            "
254,BloodRayne: The Third Reich,(2011)," Action, Adventure, Fantasy            "
255,The Shipping News,(2001), Drama            
256,Universal Soldier: The Return,(1999)," Action, Sci-Fi            "
257,Anatomy of a Love Seen,(2014)," Drama, Romance            "
258,Dead Man on Campus,(1998), Comedy            
259,L'auberge espagnole,(2002)," Comedy, Drama, Romance            "
260,Attenberg,(2010), Drama            
261,Naissance des pieuvres,(2007)," Drama, Romance            "
262,Drowning Mona,(2000)," Comedy, Crime, Mystery            "
263,Descent,(2007)," Drama, Thriller            "
264,Befikre,(2016)," Comedy, Drama, Romance            "
265,Life Partners,(2014)," Comedy, Drama, Romance            "
266,The Sex Monster,(1999), Comedy            
267,AWOL,(2016)," Drama, Romance            "
268,Sex and Death 101,(2007)," Comedy, Drama, Romance            "
269,Art School Confidential,(2006)," Comedy, Drama            "
270,Ma mère,(2004)," Drama, Romance            "
271,Rise,(2007)," Action, Horror, Mystery            "
272,The Broken Hearts Club: A Romantic Comedy,(2000)," Comedy, Drama, Romance            "
273,Liz en Septiembre,(2014)," Drama, Romance            "
274,Iris,(I) (2001)," Biography, Drama, Romance            "
275,She Hate Me,(2004)," Comedy, Drama            "
276,The Humbling,(2014)," Comedy, Drama, Romance            "
277,Auf der anderen Seite,(2007), Drama            
278,Jack & Diane,(2012)," Drama, Horror, Romance            "
279,Sex and Breakfast,(2007)," Comedy, Drama, Romance            "
280,Head in the Clouds,(2004)," Drama, Romance, War            "
281,Eating Out,(I) (2004)," Comedy, Drama, Romance            "
282,The Dead Girl,(2006)," Crime, Drama, Mystery            "
283,Dupa dealuri,(2012), Drama            
284,Pecker,(1998)," Comedy, Drama            "
285,Tillsammans,(2000)," Comedy, Drama, Romance            "
286,The World Unseen,(2007)," Drama, Romance            "
287,Unfreedom,(2014)," Crime, Drama, Romance            "
288,Run! Bitch Run!,(2009)," Horror, Thriller            "
289,The Gymnast,(2006)," Drama, Romance, Sport            "
290,Mentiras y gordas,(2009)," Comedy, Drama            "
291,The In Crowd,(2000)," Drama, Mystery, Thriller            "
292,Assassination of a High School President,(2008)," Comedy, Crime, Mystery            "
293,The Love Letter,(1999)," Comedy, Drama, Romance            "
294,Réparer les vivants,(2016), Drama            
295,Les adieux à la reine,(2012)," Drama, History, Romance            "
296,La danseuse,(2016)," Biography, Drama, History            "
297,.45,(2006)," Crime, Drama, Thriller            "
298,Dr. T & the Women,(2000)," Comedy, Drama, Romance            "
299,For Your Consideration,(2006), Comedy            
300,Itty Bitty Titty Committee,(2007)," Comedy, Drama, Romance            "
301,Mental,(2012)," Comedy, Drama            "
302,Boy Meets Girl,(I) (2014)," Comedy, Drama, Romance            "
303,Poultrygeist: Night of the Chicken Dead,(2006)," Comedy, Horror, Musical            "
304,Chiisai ouchi,(2014)," Drama, Romance            "
305,Pariah,(I) (2011), Drama            
306,Tea with Mussolini,(1999)," Drama, Comedy, War            "
307,Nurse Betty,(2000)," Comedy, Crime, Drama            "
308,4.3.2.1.,(2010)," Crime, Thriller            "
309,The Loss of Sexual Innocence,(1999), Drama            
310,Becks,(2017)," Drama, Musical, Romance            "
311,When Will I Be Loved,(2004)," Drama, Thriller            "
312,Kalyug,(2005)," Action, Crime, Drama            "
313,Bar Bahar,(2016), Drama            
314,Eloïse,(2009)," Drama, Romance            "
315,Strange Weather,(2016)," Adventure, Drama            "
316,P,(2005)," Drama, Horror            "
317,Sheer Passion,(1998), Thriller            
318,Margarita with a Straw,(2014), Drama            
319,Romeos,(2011)," Drama, Romance            "
320,The Winning Season,(2009)," Comedy, Sport            "
321,Casse-tête chinois,(2013)," Comedy, Drama, Romance            "
322,Soul Survivors,(2001)," Drama, Horror, Mystery            "
323,Aimée & Jaguar,(1999)," Biography, Drama, Romance            "
324,Nathalie...,(2003), Drama            
325,Strangers with Candy,(2005), Comedy            
326,Manhattan Romance,(2015)," Comedy, Drama, Romance            "
327,Girl,(1998)," Comedy, Drama, Music            "
328,Tiny Furniture,(2010)," Comedy, Drama, Romance            "
329,Citizen Toxie: The Toxic Avenger IV,(2000)," Action, Comedy, Fantasy            "
330,"Sweet, Sweet Lonely Girl",(2016)," Drama, Horror, Thriller            "
331,Book of Love,(2004)," Comedy, Drama            "
332,Lila dit ça,(2004)," Crime, Drama, Romance            "
333,Sukkar banat,(2007)," Comedy, Drama, Romance            "
334,Trash Fire,(2016)," Comedy, Drama, Horror            "
335,The Sex Movie,(2006), Drama            
336,Possession,(2002)," Drama, Mystery, Romance            "
337,The Unspoken,(2015)," Horror, Thriller            "
338,Raven's Touch,(2015), Drama            
339,Girl Play,(2004), Comedy            
340,Whores' Glory,(2011), Documentary            
341,Sala samobójców,(2011)," Animation, Drama, Thriller            "
342,Scotty and the Secret History of Hollywood,(2017), Documentary            
343,Black and White,(I) (1999)," Crime, Drama, Music            "
344,The Countess,(2009)," Biography, Drama, History            "
345,Trailer Park Boys: The Movie,(2006)," Comedy, Crime            "
346,Les poupées russes,(2005)," Comedy, Drama, Romance            "
347,Blow Dry,(2001)," Comedy, Drama, Romance            "
348,The Beautiful Ordinary,(2007)," Comedy, Drama            "
349,Love Is All You Need?,(2016), Drama            
350,Palindromes,(2004)," Comedy, Drama            "
351,Jisatsu sâkuru,(2001)," Crime, Drama, Horror            "
352,All Through the House,(2015), Horror            
353,Ambrosia,(I) (2012), Drama            
354,Bright Young Things,(2003)," Comedy, Drama, War            "
355,Tirante el Blanco,(2006)," Adventure, Romance            "
356,Carmen y Lola,(2018)," Drama, Romance            "
357,The Oh in Ohio,(2006)," Comedy, Drama, Romance            "
358,Head On,(1998)," Drama, Romance            "
359,Angry Indian Goddesses,(2015)," Comedy, Drama            "
360,Judas Kiss,(1998)," Crime, Drama, Thriller            "
361,Eating Out 2: Sloppy Seconds,(2006)," Comedy, Romance            "
362,La Ciénaga,(2001)," Comedy, Drama            "
363,Boogie Woogie,(2009)," Comedy, Drama            "
364,Burn Burn Burn,(2015)," Comedy, Drama            "
365,Stuff,(2015), Drama            
366,Andið eðlilega,(2018), Drama            
367,Les chansons d'amour,(2007)," Drama, Musical, Romance            "
368,Zwei Mütter,(2013), Drama            
369,The Specials,(2000)," Action, Comedy, Fantasy            "
370,Timecode,(2000)," Drama, Romance            "
371,Addicted to Fresno,(2015)," Comedy, Drama            "
372,Ha-Sodot,(2007)," Drama, Romance            "
373,Me Him Her,(2015)," Comedy, Romance            "
374,Signature Move,(2017)," Comedy, Drama, Romance            "
375,The Monkey's Mask,(2000)," Crime, Mystery, Thriller            "
376,Sordid Lives,(2000)," Comedy, Romance            "
377,The Adventures of Beatle,(2015)," Comedy, Drama, Thriller            "
378,The Unseen,(I) (2016)," Action, Horror, Sci-Fi            "
379,Dark,(I) (2015)," Drama, Thriller            "
380,Gracie,(2007)," Biography, Drama, Sport            "
381,Je te mangerais,(2009)," Drama, Music            "
382,101 Reykjavík,(2000)," Comedy, Romance            "
383,My Baby's Daddy,(2004), Comedy            
384,Entre las piernas,(1999)," Drama, Mystery, Romance            "
385,Steam,(2007), Drama            
386,Lotgenoten,(2013), Drama            
387,Ass Backwards,(2013)," Adventure, Comedy            "
388,Music from Another Room,(1998)," Comedy, Drama, Romance            "
389,Vezdesushtiyat,(2017), Drama            
390,Viva,(II) (2007)," Comedy, Drama, Musical            "
391,Barash,(2015)," Comedy, Drama, Romance            "
392,Love Is the Devil: Study for a Portrait of Francis Bacon,(1998)," Biography, Drama, Romance            "
393,The Guest House,(2012), Romance            
394,The Mummy's Kiss,(2003)," Fantasy, Horror, Romance            "
395,I'm with Lucy,(2002)," Comedy, Romance            "
396,Things You Can Tell Just by Looking at Her,(2000)," Drama, Romance            "
397,Dirty Weekend,(2015)," Comedy, Drama            "
398,Girl Flu.,(2016)," Comedy, Family            "
399,Women of the Night,(2001), Thriller            
400,Killer Movie,(2008)," Comedy, Horror, Mystery            "
401,Web of Seduction,(1999)," Drama, Mystery, Thriller            "
402,Geography Club,(2013), Comedy            
403,A Million Happy Nows,(2017)," Drama, Romance            "
404,Tsumetai nettaigyo,(2010)," Comedy, Crime, Drama            "
405,La religieuse,(2013), Drama            
406,Girltrash: All Night Long,(2014)," Comedy, Crime, Drama            "
407,Conception,(2011)," Comedy, Romance            "
408,Ringmaster,(1998), Comedy            
409,Zui hao de shi guang,(2005)," Drama, Romance            "
410,ToY,(2016)," Drama, Romance            "
411,Grace,(III) (2009)," Drama, Horror, Thriller            "
412,Your Friends & Neighbors,(1998)," Comedy, Drama, Romance            "
413,Alto,(2015)," Comedy, Family, Romance            "
414,Running on Empty Dreams,(2009)," Drama, Romance            "
415,Driving Lessons,(2006)," Comedy, Drama            "
416,I'll Sleep When I'm Dead,(2003)," Crime, Drama, Mystery            "
417,Freeway II: Confessions of a Trickbaby,(1999)," Comedy, Crime, Drama            "
418,Going Under,(2004), Drama            
419,Songcatcher,(2000)," Drama, Music            "
420,A Marine Story,(2010)," Crime, Drama, Romance            "
421,Viola di mare,(2009)," Drama, History, Romance            "
422,Among Friends,(2012)," Comedy, Horror            "
423,Strange Bedfellows,(2004), Comedy            
424,All About E,(2015)," Comedy, Drama, Romance            "
425,Jiminy Glick in Lalawood,(2004)," Comedy, Mystery            "
426,Popcorn,(2007)," Comedy, Romance            "
427,The Cabin Movie,(2005)," Comedy, Drama            "
428,The Devil's Tomb,(2009)," Action, Horror, Sci-Fi            "
429,Camp Beaverton: Meet the Beavers,(2013)," Documentary, Adventure, Comedy            "
430,Sinful Obsession,(1999), Drama            
431,New Best Friend,(2002)," Drama, Mystery, Thriller            "
432,Limbo,(1999)," Adventure, Drama, Thriller            "
433,Jaded,(1998), Drama            
434,Survivors Exposed,(2001), Comedy            
435,The Moguls,(2005), Comedy            
436,The Four-Faced Liar,(2010)," Comedy, Drama, Romance            "
437,Trust the Man,(2005)," Comedy, Drama, Romance            "
438,À l'aventure,(2008)," Drama, Fantasy, Romance            "
439,The Drawn Together Movie: The Movie!,(2010)," Animation, Comedy, Mystery            "
440,Humpday,(2009)," Comedy, Drama, Romance            "
441,Thirteen Conversations About One Thing,(2001), Drama            
442,Edge of Seventeen,(1998)," Comedy, Drama, Romance            "
443,Cat Skin,(2017)," Drama, Romance            "
444,Sin noticias de Dios,(2001)," Crime, Drama            "
445,The Family Tree,(2011)," Comedy, Drama            "
446,Harem Suare,(1999)," Drama, History            "
447,Yes or No: Yaak Rak Gaw Rak Loey,(2010)," Comedy, Romance            "
448,All Over the Guy,(2001)," Comedy, Romance            "
449,The Hot Flashes,(2013)," Comedy, Sport            "
450,Forbidden Sins,(1999)," Crime, Drama, Thriller            "
451,BattleQueen 2020,(2001)," Action, Sci-Fi            "
452,The Invisible War,(2012)," Documentary, Crime            "
453,The Guitar,(2008)," Drama, Music, Romance            "
454,Lolita 2000,(1998), Sci-Fi            
455,Harvard Man,(2001)," Comedy, Crime, Drama            "
456,What's Cooking?,(2000)," Comedy, Drama, Romance            "
457,L'échange des princesses,(2017)," Drama, History            "
458,La bestia nel cuore,(2005)," Drama, Mystery            "
459,Dohee-ya,(2014), Drama            
460,Xi yang tian shi,(2002)," Action, Adventure, Comedy            "
461,Ha-Buah,(2006)," Comedy, Drama, Romance            "
462,White Frog,(2012)," Drama, Romance            "
463,You and I,(2011)," Drama, Romance            "
464,In a Dark Place,(2006)," Horror, Thriller            "
465,Puccini for Beginners,(2006)," Comedy, Romance            "
466,Dummy,(2002)," Comedy, Drama, Romance            "
467,Como Nossos Pais,(2017), Drama            
468,Camp Takota,(2014), Comedy            
469,"Bumblefuck, USA",(2011), Drama            
470,Demonlover,(2002)," Thriller, Drama, Mystery            "
471,Seeing Other People,(2004)," Comedy, Romance            "
472,Brain Dead,(2007), Horror            
473,Close Enough to Touch,(2002), Drama            
474,El otro lado de la cama,(2002)," Comedy, Drama, Musical            "
475,Nina's Heavenly Delights,(2006), Comedy            
476,Clean,(I) (2004)," Drama, Music, Romance            "
477,Imaginary Heroes,(2004)," Comedy, Drama            "
478,You & Me Forever,(2012)," Drama, Romance            "
479,My Life So Far,(1999)," Biography, Comedy, Drama            "
480,Her Minor Thing,(2005)," Comedy, Romance            "
481,Luster,(2002)," Comedy, Drama            "
482,Tau kwai mo jeu,(2002)," Action, Drama, Mystery            "
483,Dedh Ishqiya,(2014)," Comedy, Drama, Romance            "
484,Love on the Side,(2004)," Comedy, Romance            "
485,Testing the Limits,(1998), Drama            
486,Dependencia sexual,(2003), Drama            
487,Happy Campers,(2001), Comedy            
488,Standing Still,(II) (2005)," Comedy, Drama, Romance            "
489,5x2,(2004)," Drama, Romance            "
490,Panic,(2000)," Comedy, Crime, Drama            "
491,Look,(2007)," Comedy, Crime, Drama            "
492,Herutâ sukerutâ,(2012)," Drama, Horror            "
493,Fresh Meat,(2012)," Comedy, Horror            "
494,Les enfants du siècle,(1999)," Biography, Drama, Romance            "
495,Disgrace,(2008), Drama            
496,Amy's Orgasm,(2001)," Comedy, Romance            "
497,Szép napok,(2002), Drama            
498,Tru Love,(2013)," Drama, Romance            "
499,Fiore,(2016), Drama            
500,Wicked Lake,(2008), Horror            
501,The Lost,(II) (2006)," Crime, Drama, Horror            "
502,Miss Teacher,(2016), Romance            
503,Violette,(2013)," Biography, Drama, Romance            "
504,Legãturi bolnãvicioase,(2006), Drama            
505,Prey for Rock & Roll,(2003)," Drama, Music            "
506,My Normal,(2009)," Drama, Romance            "
507,Ballet of Blood,(2015), Horror            
508,Hâmonî,(2015)," Animation, Sci-Fi, Thriller            "
509,La captive,(2000)," Drama, Music, Romance            "
510,Home of Phobia,(2004)," Comedy, Romance            "
511,Strange Frame: Love & Sax,(2012)," Animation, Crime, Music            "
512,The Mostly Unfabulous Social Life of Ethan Green,(2005)," Comedy, Romance            "
513,Anni felici,(2013)," Drama, Romance            "
514,This Girl's Life,(2003), Drama            
515,Jay and Silent Bob's Super Groovy Cartoon Movie,(2013)," Animation, Comedy            "
516,The Exotic Time Machine,(1998), Sci-Fi            
517,Ava's Impossible Things,(2016)," Drama, Romance            "
518,Heterosexual Jill,(2013), Comedy            
519,Killer Eye: Halloween Haunt,(2011), Horror            
520,House of Love,(2000)," Drama, Romance            "
521,Surrender,(I) (2003), Drama            
522,Pervert!,(2005)," Comedy, Horror            "
523,Shakedown,(2018)," Documentary, Drama, History            "
524,Eternal,(2004)," Horror, Mystery, Thriller            "
525,The Perfect Family,(2011)," Comedy, Drama            "
526,Bye Bye Blondie,(2012)," Comedy, Drama            "
527,Natasha,(2007), Thriller            
528,Ni na bian ji dian,(2001)," Drama, Romance            "
529,Howaito rirî,(2016), Drama            
530,Life of a Gigolo,(1998), Drama            
531,Sitcom,(1998)," Comedy, Drama, Romance            "
532,À trois on y va,(2015)," Comedy, Romance            "
533,I Really Hate My Job,(2007)," Comedy, Drama            "
534,Girl on Girl: An Original Documentary,(2016), Documentary            
535,Kate's Addiction,(1999), Thriller            
536,Platinum Blonde,(2001)," Fantasy, Romance            "
537,I Do,(I) (2012)," Drama, Romance            "
538,Ci qing,(2007)," Drama, Romance            "
539,The Big Swap,(1998), Drama            
540,Women Who Kill,(2016)," Comedy, Crime, Mystery            "
541,La répétition,(2001), Drama            
542,La crème de la crème,(2014)," Comedy, Drama            "
543,Affinity,(I) (2008)," Drama, Romance            "
544,Lang historie kort,(2015)," Comedy, Drama, Romance            "
545,Persons of Interest,(2018)," Crime, Drama, Family            "
546,Nightmare on Elmo's Street,(2015)," Comedy, Horror            "
547,Mosquita y Mari,(2012), Drama            
548,Cloudburst,(2011)," Adventure, Comedy, Drama            "
549,The Misandrists,(2017)," Comedy, Drama            "
550,The Bare Wench Project,(2000)," Comedy, Horror            "
551,The Pit and the Pendulum,(2009)," Horror, Thriller            "
552,The Unwanted,(2014)," Drama, Horror, Mystery            "
553,Embrasse-moi!,(2017)," Comedy, Romance            "
554,Belle maman,(1999), Comedy            
555,Exhibit A,(2007)," Crime, Drama, Thriller            "
556,Trigger,(II) (2010), Drama            
557,Mercy,(2000)," Mystery, Thriller            "
558,Le libertin,(2000)," Comedy, History            "
559,"Saikin, imôto no yôsu ga chotto okashii n da ga.",(2014)," Comedy, Fantasy, Romance            "
560,Kate Can't Swim,(2017), Drama            
561,Pretty Obsession,(2012), Thriller            
562,Love N' Dancing,(2009)," Drama, Romance            "
563,Up at the Villa,(2000)," Drama, Romance            "
564,Beauty Betrayed,(2002)," Crime, Drama            "
565,Cheerleader Ninjas,(2002)," Action, Comedy            "
566,"Tensión sexual, Volumen 2: Violetas",(2013)," Comedy, Drama, Romance            "
567,Black Devil Doll,(2007)," Comedy, Horror            "
568,Guardami,(1999)," Biography, Drama            "
569,The Skinny,(I) (2012)," Comedy, Drama, Romance            "
570,Sins of the Realm,(2003)," Fantasy, Action, Adventure            "
571,Love or Whatever,(2012)," Comedy, Romance            "
572,Now You Know,(2002)," Comedy, Romance            "
573,Was nützt die Liebe in Gedanken,(2004)," Drama, Romance            "
574,The Fine Art of Love: Mine Ha-Ha,(2005)," Drama, Mystery            "
575,1448 Love Among Us,(2014), Drama            
576,Chotto kawaii aian meiden,(2014)," Comedy, Drama, Romance            "
577,Sous les jupes des filles,(2014)," Comedy, Romance            "
578,Andromina: The Pleasure Planet,(1999)," Comedy, Fantasy, Horror            "
579,Girlfriend,(2004), Drama            
580,Sukûrugâru konpurekkusu: Hôsôbu-hen,(2013), Drama            
581,7 seX 7,(2011)," Comedy, Drama            "
582,Brides to Be,(2016)," Drama, Horror, Romance            "
583,Animals,(I) (2008)," Horror, Thriller            "
584,We Were Here,(I) (2011)," Documentary, Biography, History            "
585,Idle Thoughts,(2018), Comedy            
586,Ai Hen Lan,(2011), Drama            
587,Hardcore,(2004)," Drama, Crime            "
588,Butterflista subete wa aino koi,(2010), Drama            
589,Live Nude Girls Unite!,(2000), Documentary            
590,Boomerang,(I) (2015)," Drama, Romance            "
591,The Midnight Hour,(2001)," Drama, Thriller            "
592,Liberty's Secret,(2016)," Comedy, Musical, Romance            "
593,Un lever de rideau et autres histoires,(2007)," Drama, Romance            "
594,Jesus Christ Vampire Hunter,(2001)," Action, Comedy, Horror            "
595,Io e lei,(2015)," Comedy, Romance            "
596,Vic + Flo ont vu un ours,(2013)," Crime, Drama, Thriller            "
597,Spidarlings,(2016)," Comedy, Horror, Musical            "
598,Fine mrtve djevojke,(2002)," Drama, Thriller            "
599,Dim Sum Funeral,(2008)," Comedy, Drama            "
600,The Raspberry Reich,(2004)," Comedy, Drama, Romance            "
601,Cut,(I) (2000)," Comedy, Horror, Mystery            "
602,Nome Próprio,(2007), Drama            
603,On_Line,(2002), Drama            
604,Blood Feast 2: All U Can Eat,(2002)," Comedy, Horror            "
605,Devil's Domain,(2016), Horror            
606,A Remarkable Life,(2016)," Drama, Music, Romance            "
607,Sick Girl,(2007)," Crime, Horror, Thriller            "
608,Julie Johnson,(2001)," Drama, Romance            "
609,Sex Court: The Movie,(2001), Comedy            
610,Park,(2006)," Comedy, Drama            "
611,Emporte-moi,(1999)," Drama, Romance            "
612,For the Bible Tells Me So,(2007)," Documentary, Romance            "
613,Rigged,(2008)," Action, Adventure, Crime            "
614,Strawberry Shortcakes,(2006), Drama            
615,Georges Bataille's Story of the Eye,(2003), Drama            
616,When Do We Eat?,(2005), Comedy            
617,Red Doors,(2005), Drama            
618,52 Tuesdays,(2013), Drama            
619,Are All Men Pedophiles?,(2013)," Documentary, History            "
620,Socket,(2007)," Drama, Romance, Sci-Fi            "
621,Menor de Edad,(2013), Drama            
622,Apflickorna,(2011)," Drama, Sport            "
623,Yeogo goedam II,(1999)," Horror, Romance, Drama            "
624,Insecticidal,(2005)," Horror, Thriller            "
625,Foxfire,(2012)," Crime, Drama            "
626,Hand Grenade,(2017)," Comedy, Drama, Mystery            "
627,Yeogo goedam 4: Moksori,(2005), Horror            
628,King of the Jungle,(2000)," Crime, Drama, Thriller            "
629,Nude Area,(2014), Drama            
630,Qissa: The Tale of a Lonely Ghost,(2013)," Drama, Fantasy            "
631,He's Such a Girl,(2009)," Comedy, Drama, Romance            "
632,Fiona,(1998), Drama            
633,SheChotic,(2018)," Drama, Horror, Mystery            "
634,Between Love & Goodbye,(2008)," Drama, Music, Romance            "
635,Diary of Lust,(2000)," Drama, Romance            "
636,The Final Victim,(2003), Drama            
637,The Green,(2011)," Drama, Romance            "
638,Vice,(2008)," Crime, Drama, Mystery            "
639,Apartment: Rent at Your Own Risk,(2010)," Drama, Mystery, Thriller            "
640,Billy's Hollywood Screen Kiss,(1998)," Comedy, Romance            "
641,I Love Her,(II) (2013), Drama            
642,En soap,(2006)," Comedy, Drama            "
643,Lan se da men,(2002)," Drama, Romance            "
644,Maleficarum,(2011)," Drama, History, Horror            "
645,Dark Confessions,(1998)," Action, Drama, Horror            "
646,Sonnenallee,(1999)," Comedy, Romance            "
647,Suay Laak Sai,(2007)," Crime, Horror            "
648,And Then Came Lola,(2009)," Comedy, Drama, Romance            "
649,Rage of the Innocents,(2001)," Action, Sci-Fi, Thriller            "
650,Jue ming pai dui,(2009)," Horror, Romance            "
651,Women in Love,(II) (2007), Documentary            
652,De chica en chica,(2015), Comedy            
653,Brand Upon the Brain! A Remembrance in 12 Chapters,(2006)," Comedy, Drama, Fantasy            "
654,Mon meilleur ami,(I) (2006), Comedy            
655,Frat Party,(2009), Comedy            
656,Castle Eros,(2002)," Fantasy, Romance            "
657,Zoe.Misplaced,(2014)," Comedy, Drama, Romance            "
658,On ne choisit pas sa famille,(2011)," Adventure, Comedy            "
659,Kärlekens språk 2000,(2004), Drama            
660,5ive Girls,(2006)," Horror, Thriller            "
661,Il caimano,(2006)," Comedy, Drama, Romance            "
662,Knots,(2004), Comedy            
663,Punch,(2002), Drama            
664,The Last Sect,(2006)," Horror, Thriller            "
665,Baby Steps,(II) (2015)," Comedy, Drama, Family            "
666,Borderline,(2008), Drama            
667,Backstage,(2005)," Drama, Music            "
668,Seven Girlfriends,(1999)," Comedy, Romance            "
669,Shelter Island,(2003), Thriller            
670,En du elsker,(2014), Drama            
671,Navidad,(2009)," Drama, Romance            "
672,Club Wild Side 2,(1998), Drama            
673,Die Stille nach dem Schuß,(2000)," Drama, Romance            "
674,Potseluy sestry,(2007)," Drama, Romance            "
675,Black Tar Road,(2016)," Crime, Drama, Romance            "
676,Gangster Kittens,(2016)," Drama, Thriller            "
677,Baberellas,(2003)," Comedy, Sci-Fi            "
678,Misbehaviour,(2008), Drama            
679,Ice Scream: The ReMix,(2008)," Comedy, Horror            "
680,Jamie and Jessie Are Not Together,(2011)," Comedy, Musical, Romance            "
681,Alice,(I) (2002), Drama            
682,Tortured Sex Goddess of Ming Dynasty,(2003)," Drama, History            "
683,Global Heresy,(2002)," Comedy, Drama, Music            "
684,Das Zimmermädchen Lynn,(2014), Drama            
685,April's Shower,(2003)," Comedy, Romance            "
686,The Battle of the Sexes,(2013)," Documentary, Biography, History            "
687,A Luv Tale,(1999), Drama            
688,The Brandon Teena Story,(1998)," Documentary, Biography            "
689,Nés en 68,(2008)," Comedy, Drama, Romance            "
690,Patay na si Hesus,(2016), Comedy            
691,Dakota Bound,(2001)," Adventure, Sci-Fi, Action            "
692,Costa!,(2001)," Comedy, Romance            "
693,Dangerous Passions,(2003)," Drama, Mystery, Thriller            "
694,J'ai rêvé sous l'eau,(2008)," Drama, Romance            "
695,Saint Amour,(2016)," Comedy, Drama            "
696,Aanrijding in Moscou,(2008)," Comedy, Drama, Romance            "
697,Männer wie wir,(2004)," Comedy, Drama, Romance            "
698,Be with Me,(2005)," Drama, Romance            "
699,"Le temps retrouvé, d'après l'oeuvre de Marcel Proust",(1999)," Drama, Romance, War            "
700,Venus,(2016), Documentary            
701,Kaleldo,(2006), Drama            
702,Iki Genç Kiz,(2005), Drama            
703,Dunno Y Na Jaane Kyun...,(2010)," Drama, Romance            "
704,Shun liu ni liu,(2000)," Action, Crime, Drama            "
705,To Each Her Own,(2008)," Drama, Romance            "
706,Sextet,(2007)," Comedy, Romance            "
707,Little Sparrows,(2010), Drama            
708,Talk of Angels,(1998)," Drama, Romance, War            "
709,La mante religieuse,(2012), Drama            
710,Así del precipicio,(2006), Drama            
711,Lesbian Cops,(2011), Crime            
712,El niño pez,(2009)," Drama, Romance, Thriller            "
713,Okay,(2002)," Comedy, Drama, Romance            "
714,The Adored,(2012)," Drama, Mystery, Romance            "
715,Shadow Hours,(2000)," Drama, Thriller            "
716,Aka x Pinku,(2014), Action            
717,Praybeyt Benjamin,(2011), Comedy            
718,Wolves of Wall Street,(2002)," Action, Horror, Mystery            "
719,Sorority Slaughterhouse,(2016), Horror            
720,She's a Boy I Knew,(2007), Documentary            
721,Antarctica,(2008)," Drama, Romance            "
722,Soulkeeper,(2001)," Action, Adventure, Comedy            "
723,All This Panic,(2016), Documentary            
724,Sover Dolly på ryggen?,(2012)," Comedy, Romance            "
725,The Giving Tree,(2000)," Drama, Thriller            "
726,Marion Bridge,(2002), Drama            
727,Drool,(2009), Comedy            
728,Miao Miao,(2008)," Comedy, Drama, Romance            "
729,Sprängaren,(2001)," Drama, Thriller            "
730,Go-yang-i-leul boo-tak-hae,(2001), Drama            
731,Supervoksen,(2006), Drama            
732,Comme les autres,(2008)," Comedy, Drama, Romance            "
733,Vampire Diary,(2006)," Drama, Fantasy, Horror            "
734,Côpusu pâtî,(2015), Horror            
735,Small Town Gay Bar,(2006), Documentary            
736,Black Sea 213,(1998)," Action, Drama            "
737,1999,(1998)," Comedy, Drama            "
738,Misconceptions,(2008)," Comedy, Drama            "
739,Bezva zenská na krku,(2016)," Comedy, Romance            "
740,Strákarnir okkar,(2005)," Comedy, Drama, Romance            "
741,The Halfway House,(2004)," Comedy, Horror            "
742,Dead Awake,(2001)," Action, Thriller            "
743,Fit,(I) (2010)," Drama, Romance            "
744,La dernière fille,(2002)," Romance, Thriller            "
745,En mand kommer hjem,(2007), Comedy            
746,Shôjo kakumei Utena: Adolescence mokushiroku,(1999)," Animation, Action, Adventure            "
747,Les blessures assassines,(2000)," Biography, Crime, Drama            "
748,Slutty Summer,(2004)," Comedy, Drama, Romance            "
749,Alles auf Zucker!,(2004), Comedy            
750,The Art of Being Straight,(2008)," Comedy, Drama, Romance            "
751,Hell Mountain,(1998)," Action, Drama, Horror            "
752,Just One Time,(1999)," Comedy, Drama, Romance            "
753,First Time,(II) (2003)," Comedy, Romance, Drama            "
754,Joe + Belle,(2011)," Comedy, Crime, Drama            "
755,Falling Angels,(2003), Drama            
756,Sonja,(2006), Drama            
757,Men Not Allowed,(2006)," Drama, Romance            "
758,In Her Line of Fire,(2006)," Action, Drama            "
759,Lautrec,(1998)," Biography, Comedy, Drama            "
760,Fremde Haut,(2005), Drama            
761,The Girl,(2000)," Drama, Mystery, Romance            "
762,Chutney Popcorn,(1999)," Comedy, Drama            "
763,Diana Vreeland: The Eye Has to Travel,(2011)," Documentary, Biography            "
764,Happy End?!,(2014)," Drama, Romance            "
765,Rara,(2016), Drama            
766,Mate-me por favor,(2015)," Drama, Thriller            "
767,Jam,(I) (2006), Drama            
768,La cucina,(2007), Drama            
769,L'amore è imperfetto,(2012)," Drama, Romance            "
770,Gigola,(2010), Drama            
771,Louise and her Lover,(2011)," Crime, Romance, Thriller            "
772,Maskhead,(2009), Horror            
773,She: Their Love Story,(2012), Drama            
774,Net Worth,(2001)," Action, Adventure, Comedy            "
775,Les filles du botaniste,(2006)," Drama, Romance            "
776,BlackMale,(2000), Thriller            
777,Zorrita: Passion's Avenger,(2000)," Adventure, Comedy            "
778,Woundings,(1998)," Drama, Sci-Fi            "
779,The Coffee Shop,(2014)," Comedy, Romance            "
780,By Hook or by Crook,(2001)," Crime, Drama, Romance            "
781,Promenons-nous dans les bois,(2000)," Horror, Thriller            "
782,Love: Yeu,(2015), Romance            
783,La marche,(2013)," Comedy, Drama, History            "
784,Satree lek,(2000)," Comedy, Drama, Sport            "
785,Treading Water,(2001), Drama            
786,Flag Wars,(2003), Documentary            
787,The Night Caller,(1998), Thriller            
788,Aunt Rose,(2005), Horror            
789,Goldfish Memory,(2003)," Comedy, Drama            "
790,No Strings Attached,(II) (2009), Romance            
791,Hack!,(2007)," Comedy, Horror            "
792,The Gay Bed and Breakfast of Terror,(2007)," Comedy, Horror            "
793,La turbulence des fluides,(2002)," Comedy, Drama, Mystery            "
794,Codependent Lesbian Space Alien Seeks Same,(2011)," Comedy, Romance, Sci-Fi            "
795,Dangerous Pleasures,(2001)," Mystery, Romance, Thriller            "
796,Tan de repente,(2002)," Comedy, Drama            "
797,A Perfect Fit,(2005)," Crime, Drama, Romance            "
798,Paragraph 175,(2000)," Documentary, History, Romance            "
799,Frauensee,(2012), Drama            
800,Rome & Juliet,(2006)," Drama, Romance            "
801,Outing Riley,(2004), Comedy            
802,Portrait of a Serial Monogamist,(2015)," Comedy, Drama, Romance            "
803,AKA,(2002)," Drama, Romance            "
804,Gen Silent,(2011)," Documentary, Biography, History            "
805,Scarce,(2008)," Horror, Thriller            "
806,On Edge,(2001)," Comedy, Romance, Sport            "
807,Devils in Disguise,(2014)," Drama, Mystery, Thriller            "
808,La nouvelle Ève,(1999)," Comedy, Drama, Romance            "
809,Between Two Women,(2004), Drama            
810,Edie & Thea: A Very Long Engagement,(2009)," Documentary, Drama, Romance            "
811,(A)sexual,(2011), Documentary            
812,Meet Market,(2004)," Comedy, Romance            "
813,The Lost Son,(1999)," Crime, Drama, Romance            "
814,After Tiller,(2013)," Documentary, Biography, Drama            "
815,Sanctuary; Quite a Conundrum,(2012)," Comedy, Horror, Thriller            "
816,Out at the Wedding,(2007)," Comedy, Romance            "
817,According to Spencer,(2001)," Comedy, Drama, Romance            "
818,Almost Normal,(2005)," Comedy, Drama, Romance            "
819,Post coitum,(2004), Comedy            
820,Wish Me Away,(2011)," Documentary, Biography, Music            "
821,La hija del caníbal,(2003)," Adventure, Comedy, Crime            "
822,Sancharram,(2004)," Drama, Romance            "
823,Yuriko no aroma,(2010), Drama            
824,Audacity,(2015), Drama            
825,Killer Unicorn,(2018), Horror            
826,Silent But Deadly,(2011)," Comedy, Horror            "
827,Fat Girls,(2006)," Comedy, Drama            "
828,The Trouble with Barry,(2013)," Comedy, Horror, Thriller            "
829,Gaudi Afternoon,(2001)," Comedy, Drama, Mystery            "
830,Cut Sleeve Boys,(2006)," Comedy, Romance            "
831,Nô Otoko,(2013)," Crime, Mystery            "
832,The Awakening of Spring,(2008)," Drama, Romance            "
833,The Baby Formula,(2008)," Comedy, Fantasy            "
834,Piao lang qing chun,(2008)," Drama, Romance            "
835,Gekijô-ban: Zero,(2014), Horror            
836,Esperando al mesías,(2000)," Comedy, Drama            "
837,Changpihae,(2010)," Drama, Fantasy, Romance            "
838,Reasonable Doubt,(2001)," Drama, Thriller            "
839,Three Veils,(2011), Drama            
840,Old Cats,(2010), Drama            
841,Sarah Silverman: Jesus Is Magic,(2005)," Documentary, Comedy, Music            "
842,The Cook,(I) (2008)," Comedy, Horror            "
843,Disi duboko,(2004)," Drama, Romance            "
844,Sorceress,(2017)," Drama, Fantasy, Horror            "
845,Hollywood Sins,(2000), Drama            
846,Earthling,(2010), Sci-Fi            
847,Ghosted,(2009)," Drama, Mystery            "
848,A Sombra dos Abutres,(1998), Drama            
849,Bedoon Reqaba,(2009)," Comedy, Drama, Musical            "
850,A Jihad for Love,(2007), Documentary            
851,En la ciudad,(2003)," Drama, Romance            "
852,Vem ska knulla pappa?,(2017)," Animation, Adventure, Fantasy            "
853,Benzina,(2001)," Crime, Drama, Romance            "
854,True True Lie,(2006), Thriller            
855,Mango Kiss,(2004)," Comedy, Romance            "
856,Manji,(2006)," Drama, Romance            "
857,Como Esquecer,(2010), Drama            
858,L'astragale,(2015)," Drama, Romance            "
859,Nepravdepodobná romance,(2013)," Drama, Romance            "
860,Keep Your Distance,(2005)," Drama, Mystery, Romance            "
861,À tout de suite,(2004)," Crime, Drama, Romance            "
862,My Best Day,(2012), Comedy            
863,Hannah Free,(2009)," Drama, Romance            "
864,El Calentito,(2005)," Comedy, Music            "
865,Hinokio,(2005)," Drama, Sci-Fi            "
866,Ya lyublyu tebya,(2004)," Comedy, Romance            "
867,Der letzte Sommer der Reichen,(2014), Drama            
868,Los 2 lados de la cama,(2005)," Comedy, Musical, Romance            "
869,Girls Like Us! Part 1,(2012)," Comedy, Drama, Romance            "
870,Show Me,(2004)," Drama, Thriller            "
871,Nate and Margaret,(2012)," Comedy, Drama, Romance            "
872,Carícies,(1998)," Comedy, Drama, Romance            "
873,As Núpcias de Drácula,(2018)," Fantasy, Horror, Romance            "
874,The Boom Boom Girls of Wrestling,(2015)," Drama, Horror, Mystery            "
875,La robe du soir,(2009), Drama            
876,Finding Mr. Wright,(2011)," Comedy, Romance            "
877,The Vampire's Seduction,(1998)," Comedy, Drama, Fantasy            "
878,Irene in Time,(2009)," Comedy, Drama, Romance            "
879,À vendre,(1998)," Drama, Mystery, Romance            "
880,Du Bunui Gyulhonsikgwa Han Bunui Jangryesik,(2012)," Comedy, Romance            "
881,West Hollywood Motel,(2013), Comedy            
882,La Petite Mort II,(2014)," Horror, Thriller            "
883,Deti samotáru,(2018)," Comedy, Drama            "
884,Les invisibles,(2012)," Documentary, Romance            "
885,Insatiable,(2008), Thriller            
886,Lisístrata,(2002)," Comedy, Romance            "
887,Oublier Cheyenne,(2005)," Drama, Romance            "
888,Intentions,(2003)," Drama, Romance            "
889,Mania,(2015), Horror            
890,Killing Zelda Sparks,(2007)," Comedy, Drama            "
891,Straight-Jacket,(2004)," Comedy, Romance            "
892,The Book of Birdie,(2017), Fantasy            
893,Do I Love You?,(2002)," Comedy, Drama, Romance            "
894,Nu huan,(1999)," Comedy, Documentary            "
895,Dildo Diaries,(2002)," Comedy, Drama, Romance            "
896,L.G.B.T. Love Stories,(2016), Comedy            
897,Kill the Monsters,(2018)," Comedy, Musical, Romance            "
898,Modern Love,(2008), Comedy            
899,Suicide Notes,(2013), Horror            
900,Hell Glades,(2013)," Horror, Romance, Sci-Fi            "
901,Amalia,(II) (2018), Drama            
902,The Piano Room,(2013)," Drama, Romance            "
903,Kkotgwa sijak,(2009)," Action, Romance, Sci-Fi            "
904,Archangel Alpha,(2016), Drama            
905,Duda,(2003), Drama            
906,La noche del hermano,(2005)," Crime, Horror, Thriller            "
907,Gawi,(2000), Comedy            
908,Cleaver Family Reunion,(2013)," Action, Comedy, Horror            "
909,Dyke Hard,(2014)," Comedy, Romance            "
910,I Want to Get Married,(2011)," Comedy, Romance            "
911,Spanish Fly,(1998), Drama            
912,Was am Ende zählt,(2007)," Comedy, Fantasy, Romance            "
913,Straight Story,(2006), Drama            
914,Tatlo... Magkasalo,(1998), Drama            
915,Heung Gong ngaai maan nau ji sau sing pui yuk,(2003), Drama            
916,Mein Freund aus Faro,(2008)," Comedy, Drama            "
917,Toppuresu,(2008), Horror            
918,Don't Look in the Cellar,(2008)," Documentary, Biography, News            "
919,The Case Against 8,(2014)," Comedy, Music            "
920,Isi/Disi - Amor a lo bestia,(2004)," Crime, Drama            "
921,Iowa,(2005)," Drama, Romance            "
922,Dance Me to My Song,(1998)," Drama, Romance            "
923,Stud Life,(2012), Comedy            
924,Ni à vendre ni à louer,(2011)," Biography, Drama            "
925,Untold,(II) (2014), Documentary            
926,Outrage,(I) (2009), Documentary            
927,The Out List,(2013), Drama            
928,Love My Life,(2006)," Comedy, Romance            "
929,A Family Affair,(2001), Comedy            
930,Shishunki gokko,(2014)," Comedy, Horror            "
931,Crustacean,(2009), Documentary            
932,GTFO: Get the F&#% Out,(2015)," Comedy, Drama            "
933,My Little Friend,(2011), Documentary            
934,Trembling Before G-d,(2001), Drama            
935,A Reason,(2014)," Comedy, Drama, Romance            "
936,Tru Loved,(2008), Romance            
937,Love Life,(2006)," Comedy, Horror            "
938,Zombio 2: Chimarrão Zombies,(2013), Horror            
939,Snakewoman,(2005)," Comedy, Romance            "
940,"Love, Ludlow",(2005)," Comedy, Drama            "
941,Gossip,(II) (2000)," Comedy, Drama            "
942,Lapsia ja aikuisia - Kuinka niitä tehdään?,(2004)," Drama, Fantasy            "
943,Palácios de Pena,(2011), Horror            
944,Voyeur.com,(2000), Drama            
945,While You Weren't Looking,(2015)," Comedy, Romance            "
946,Histórias de Amor Duram Apenas 90 Minutos,(2009)," Animation, Romance            "
947,Asagao to Kase-san,(2018)," Horror, Western            "
948,Vampire Junction,(2001)," Comedy, Drama            "
949,Carts,(2007), Documentary            
950,8: The Mormon Proposition,(2010), Thriller            
951,Person of Interest,(2007)," Comedy, Drama, Fantasy            "
952,Waxie Moon in Fallen Jewel,(2015)," Drama, Comedy            "
953,Folk flest bor i Kina,(2002), Documentary            
954,A Gay Girl in Damascus: The Amina Profile,(2015)," Drama, Romance            "
955,Vivere,(2007)," Crime, Musical, Thriller            "
956,W,(I) (2014), Comedy            
957,The Hills Have Thighs,(2008), Drama            
958,Noches de espera,(2013)," Comedy, Drama            "
959,Webcam,(2015)," Comedy, Horror, Thriller            "
960,Nikos the Impaler,(2003), Documentary            
961,The Execution of Wanda Jean,(2002), Comedy            
962,Film Geek,(2005), Drama            
963,CQ2 (Seek You Too),(2004)," Crime, Drama, Mystery            "
964,In Search of the Wild Kingdom,(2007), Drama            
965,Distortion,(2006), Drama            
966,Fjellet,(2011)," Drama, Romance            "
967,Goo waak zai: Hung Hing Sap Saam Mooi,(1998), Comedy            
968,Poco più di un anno fa,(2003), Documentary            
969,Mangus!,(2011)," Comedy, Drama            "
970,Fabulous! The Story of Queer Cinema,(2006)," Romance, Comedy            "
971,Jellyfish,(2013), Comedy            
972,Flirt,(I) (2005)," Comedy, Drama, Music            "
973,Maestro,(2014), Horror            
974,Er shi san shi si shi,(2004)," Adventure, Comedy, Thriller            "
975,Hoodoo for Voodoo,(2006)," Comedy, Drama            "
976,2 Minutes Later,(2007)," Documentary, Comedy, Family            "
977,"The Young, the Gay and the Restless",(2006)," Musical, Romance, Drama            "
978,Out in the Silence,(2009)," Comedy, Horror            "
979,Karmen Geï,(2001)," Crime, Drama, Thriller            "
980,The Slashening,(2015)," Comedy, Drama            "
981,Primordial,(2015)," Comedy, Musical, Romance            "
982,Via Castellana Bandiera,(2013), Documentary            
983,Fishnet,(2010)," Comedy, Drama            "
984,Mom's Apple Pie: The Heart of the Lesbian Mothers' Custody Movement,(2006)," Drama, Family            "
985,Pusinky,(2007), Comedy            
986,Gypo,(2005), Comedy            
987,Oh Baby!,(2008)," Comedy, Drama, Family            "
988,Nannan nünü,(1999), Documentary            
989,Molly's Girl,(2012)," Drama, Romance            "
990,Divine Trash,(1998), Drama            
991,Finn's Girl,(2007)," Crime, Drama, Horror            "
992,Amy George,(2011), Drama            
993,Dead Woman's Hollow,(2013)," Horror, Thriller            "
994,God Made Man,(2018)," Comedy, Drama, Romance            "
995,Bloodthirsty,(1999), Comedy            
996,The Accidental Death of Joey by Sue,(2010)," Horror, Sci-Fi, Thriller            "
997,Viikossa aikuiseksi,(2015)," Documentary, Biography, Romance            "
998,Frankenstein Reborn,(2005), Drama            
999,Making the Boys,(2011), Documentary            
1000,Tick Tock Lullaby,(2007)," Horror, Sci-Fi            "
1001,Ladies and Gentlewomen,(2017)," Action, Comedy, Fantasy            "
1002,She-Demons of the Black Sun,(2006)," Comedy, Romance            "
1003,Frankenpimp,(2009)," Crime, Drama, Mystery            "
1004,Lady Peacock,(2014)," Documentary, Drama            "
1005,An Affirmative Act,(2010)," Drama, Romance, War            "
1006,Call Me Kuchu,(2012), Drama            
1007,My Brother's War,(2005), Comedy            
1008,20 Fingers,(2004)," Comedy, Drama, Romance            "
1009,Hot Milk,(2005)," Documentary, Drama            "
1010,Maria sama ga miteru,(2010)," Comedy, Crime            "
1011,Born This Way,(2013), Thriller            
1012,Underbelly Blues,(2011), Horror            
1013,Deadly Little Secrets,(2002), Comedy            
1014,Back Slash,(2005)," Action, Comedy, Sci-Fi            "
1015,Merci Docteur Rey,(2002), Comedy            
1016,Sungnyangpali sonyeoui jaerim,(2002)," Drama, Horror, Thriller            "
1017,Leading Ladies,(I) (2010)," Documentary, Biography, History            "
1018,Wilderness Survival for Girls,(2004), Documentary            
1019,After Stonewall,(1999)," Comedy, Drama, Romance            "
1020,Words,(I) (2018), Sci-Fi            
1021,2 secondes,(1998)," Drama, Fantasy, Horror            "
1022,Actual Reality,(2015)," Drama, Horror, Mystery            "
1023,The Echo Game,(2009), Horror            
1024,Varuh meje,(2002), Thriller            
1025,Death on Demand,(2008)," Drama, Romance            "
1026,The Mailman,(2004)," Action, Adventure, Comedy            "
1027,Le sable,(2006), Drama            
1028,Enteng ng Ina mo,(2011)," Horror, Sci-Fi, Thriller            "
1029,Khastegi,(2008), Drama            
1030,Ripper 2: Letter from Within,(2004), Drama            
1031,Les muses orphelines,(2000), Horror            
1032,Kakera,(I) (2009)," Drama, Romance            "
1033,Jackhammer,(2004)," Comedy, Romance            "
1034,When Kiran Met Karen,(2008), Comedy            
1035,My Girlfriend's Boyfriend,(1999)," Comedy, Drama, Romance            "
1036,The Tollbooth,(2004)," Documentary, Adventure, Biography            "
1037,Girls on Film: The First Date,(2014)," Action, Fantasy, Horror            "
1038,Kink Crusaders,(2011), Drama            
1039,Dugo ng birhen: El kapitan,(1999), Drama            
1040,Seihokusei,(2015)," Documentary, Animation, History            "
1041,Schöne Frauen,(2004)," Crime, Mystery, Thriller            "
1042,Fish Out of Water,(I) (2009), Documentary            
1043,Pendulum,(2001)," Comedy, Drama, Romance            "
1044,Straightlaced: How Gender's Got Us All Tied Up,(2009), Horror            
1045,Carnages,(2002)," Crime, Drama, Mystery            "
1046,Jezebeth,(2011)," Documentary, History            "
1047,The Owls,(2010)," Drama, Romance            "
1048,The Royal Road,(2015), Horror            
1049,Out of Season,(1998), Drama            
1050,Channel Island Girls,(1999)," Comedy, Horror            "
1051,Don't Wake the Dead,(2008)," Comedy, Romance            "
1052,Robin's Hood,(2003), Drama            
1053,Easter Bunny Bloodbath,(2010)," Action, Adventure, Fantasy            "
1054,Almejas y mejillones,(2000)," Crime, Drama            "
1055,Kodokushi,(2018), Drama            
1056,Scarlet Samurai: Incarnation,(2013)," Drama, Romance            "
1057,Split Wide Open,(1999)," Comedy, Horror            "
1058,Girl King,(2002), Documentary            
1059,When Love Comes,(1998)," Comedy, Drama            "
1060,Townies,(1999)," Comedy, Romance            "
1061,Pick Up the Mic,(2006)," Comedy, Romance            "
1062,Besos para todos,(2000)," Comedy, Drama, Music            "
1063,Anus Magillicutty,(2003), Comedy            
1064,Pourquoi pas moi?,(1999)," Comedy, Sci-Fi            "
1065,Siren,(2006)," Comedy, Romance, Drama            "
1066,Cheoleobtneun anaewa paramanjanhan nampyeon geurigo taekwon sonyeo,(2002), Drama            
1067,Recon 2023: The Gauda Prime Conspiracy,(2009), Documentary            
1068,Alles wird gut,(1998)," Comedy, Romance            "
1069,Die Reise nach Kafiristan,(2001), Drama            
1070,Out of the Past,(1998), Drama            
1071,8 päivää ensi-iltaan,(2008), Comedy            
1072,Serveuses demandées,(2008), Drama            
1073,Toiset tytöt,(2015)," Documentary, History, Sport            "
1074,Zakázané uvolnení,(2014)," Comedy, Romance            "
1075,Pudor,(2007), Drama            
1076,Queens & Cowboys: A Straight Year on the Gay Rodeo,(2014), Drama            
1077,Friends & Lovers: The Ski Trip 2,(2008), Horror            
1078,Amor nello specchio,(1999), Drama            
1079,A Cartomante,(2004)," Drama, Romance            "
1080,Carmilla,(1999), Drama            
1081,We Must Remain the Wildhearted Outsiders,(2014), Documentary            
1082,80 egunean,(2010)," Adventure, Comedy, Crime            "
1083,Round Trip,(2003)," Adventure, Thriller, Action            "
1084,Gendernauts - Eine Reise durch die Geschlechter,(1999)," Comedy, Drama, Romance            "
1085,Red Lipstick,(2000)," Action, Adventure            "
1086,Blind Target,(2000)," Drama, Romance            "
1087,24 Nights,(1999), Drama            
1088,Vampire Lesbian Kickboxers,(2004)," Comedy, Drama, Romance            "
1089,Mothakerat morahkah,(2001)," Comedy, Music, Romance            "
1090,Laika,(2017), Horror            
1091,Fourplay,(2012)," Comedy, Drama            "
1092,Manhattan Minutiae,(2016), Drama            
1093,Bikini Party Massacre,(2002), Documentary            
1094,Seven Days of Grace,(2006), Horror            
1095,Odbacen,(2007)," Drama, Family, Romance            "
1096,The Aggressives,(2005), Drama            
1097,Helter Skelter,(2000), Romance            
1098,Liebe und Verlangen,(2003), Drama            
1099,The Other War,(2008)," Comedy, Drama, Romance            "
1100,Hua chi le na nv hai,(2008)," Comedy, Romance            "
1101,Sea Without Shore,(2015)," Comedy, Romance            "
1102,"What's Up, Scarlet?",(2005)," Drama, Comedy, Romance            "
1103,L'art de séduire,(2011), Drama            
1104,The Ski Trip,(2004)," Comedy, Drama, Romance            "
1105,Love/Juice,(2000), Drama            
1106,Journeyman,(2005)," Crime, Fantasy, Horror            "
1107,Zheng hun qi shi,(1998)," Drama, Romance            "
1108,Tua note krasib rak,(2013)," Comedy, Fantasy, Horror            "
1109,Dr. Wong's Virtual Hell,(1999)," Comedy, Romance            "
1110,Happy Birthday,(2002), Drama            
1111,Gory Gory Hallelujah,(2003)," Horror, Thriller            "
1112,Chuet sai hiu bra,(2001), Documentary            
1113,Girls Love,(2009), Comedy            
1114,Sévigné,(2004)," Comedy, Drama, Romance            "
1115,Night Fangs,(2005), Comedy            
1116,Inlaws & Outlaws,(2005)," Romance, Drama            "
1117,Bam Bam and Celeste,(2005), Drama            
1118,Family,(2008), Documentary            
1119,Ultrachrist!,(2003)," Comedy, Drama            "
1120,An Intimate Friendship,(2000), Documentary            
1121,The Sterling Chase,(1999), Comedy            
1122,Lesbianas de Buenos Aires,(2004), Documentary            
1123,Todo me pasa a mí,(2001), Documentary            
1124,Undressing Israel: Gay Men in the Promised Land,(2012), Drama            
1125,"Och, Karol 2",(2011)," Drama, Thriller            "
1126,Mississippi I Am,(2012), Documentary            
1127,Gay Positive,(2014)," Documentary, Biography            "
1128,Kanaria,(2004)," Drama, Romance            "
1129,An Ornament of Faith,(2017)," Comedy, Drama, Music            "
1130,The Grace Lee Project,(2005), Drama            
1131,Chop Suey,(2001)," Comedy, Romance            "
1132,Fucking Different Tel Aviv,(2009)," Comedy, Drama, Music            "
1133,"Ecstasy in Berlin, 1926",(2004)," Action, Adventure, Comedy            "
1134,Zeitaku na hone,(2001)," Drama, Romance, Thriller            "
1135,All of Her,(2015)," Comedy, Family, Romance            "
1136,Something Bad,(2015)," Documentary, History, News            "
1137,Glamarus,(2014)," Comedy, Drama, Romance            "
1138,¿Quién dice que es fácil?,(2007), Drama            
1139,Da zero a dieci,(2002), Romance            
1140,"Bañeros III, todopoderosos",(2006), Documentary            
1141,Bad Romance,(II) (2013), Thriller            
1142,Hidden Hills,(2013)," Comedy, Drama            "
1143,Champion: Love Hurts,(2009), Documentary            
1144,"Two Soft things, Two Hard Things",(2016)," Drama, Horror            "
1145,Out Loud,(I) (2011), Drama            
1146,Amic/Amat,(1999), Drama            
1147,Jin nian xia tian,(2001)," Comedy, Drama, Romance            "
1148,Hooters!,(2010)," Animation, Biography, Comedy            "
1149,Gankyû no yume,(2016), Comedy            
1150,Lava Lounge,(2005)," Comedy, Drama            "
1151,Pursuit of Equality,(2005)," Comedy, Romance            "
1152,Bleeding Through,(2012), Drama            
1153,Stained Glass Windows,(2010)," Comedy, Romance            "
1154,The Politics of Fur,(2002), Thriller            
1155,Revoir Julie,(1998), Documentary            
1156,8 hlav sílenství,(2017)," Documentary, History            "
1157,Houkago rosuto,(2014), Drama            
1158,Fuck You Jessica Blair,(2017)," Documentary, History            "
1159,Les gens en maillot de bain ne sont pas (forcément) superficiels,(2001)," Documentary, Drama, Family            "
1160,Trip,(I) (2009)," Drama, Romance            "
1161,Butch Jamie,(2007), Documentary            
1162,La festa,(2013), Documentary            
1163,Off and Running,(2009), Documentary            
1164,The Joy of Life,(2005), Documentary            
1165,Sabel,(2004)," Comedy, Drama, Romance            "
1166,"Schau mir in die Augen, Kleiner",(2007), Documentary            
1167,Deep Run,(2015)," Action, Crime, Drama            "
1168,Tiang khu ku rak,(2012)," Comedy, Drama, Romance            "
1169,Family Fundamentals,(2002)," Drama, Comedy            "
1170,Anyone and Everyone,(2007), Comedy            
1171,The AckerMonster Chronicles!,(2012), Documentary            
1172,Girl Fight: A Muay Thai Story,(2015), Documentary            
1173,Some Prefer Cake,(1998)," Comedy, Musical            "
1174,Radical Harmonies,(2002)," Documentary, Drama            "
1175,Honeybee,(2001), Drama            
1176,Southwest,(I) (2013), Documentary            
1177,Spinnin',(2007), Drama            
1178,Wilbur Falls,(1998), Documentary            
1179,Lez Be Friends,(2007)," Comedy, Romance            "
1180,Boy I Am,(2006), Documentary            
1181,Fatherhood Dreams,(2007), Drama            
1182,Fruit Fly,(2009), Drama            
1183,Pequeñas mentiras piadosas,(2015), Drama            
1184,Jerome,(1998)," Drama, Romance            "
1185,LGBT Experience,(2018), Romance            
1186,Navarasa,(2005), Documentary            
1187,City of Borders,(2009)," Comedy, Drama            "
1188,Kali's Vibe,(2002), Documentary            
1189,Lui yun na wa yee,(2000)," Drama, Romance            "
1190,Made in Secret: The Story of the East Van Porn Collective,(2005), Drama            
1191,Nachbarinnen,(2004)," Drama, Horror, Mystery            "
1192,Camminando verso,(2011)," Documentary, News            "
1193,Blue,(II) (2002)," Comedy, Sport            "
1194,Lovers' Kiss,(2003)," Drama, Romance            "
1195,A Place to Live: The Story of Triangle Square,(2008)," Comedy, Drama, Horror            "
1196,Riisuttu mies,(2006), Drama            
1197,Black./Womyn.:Conversations with Lesbians of African Descent,(2008), Romance            
1198,Mapa Para Conversar,(2012), Comedy            
1199,...a bude hur,(2007)," Comedy, Sci-Fi            "
1200,Enbamingu,(1999), Drama            
1201,Campaign of Hate: Russia and Gay Propaganda,(2014)," Biography, Comedy, History            "
1202,Satree lek 2,(2003)," Action, Adventure            "
1203,Away (A)wake,(2005), Documentary            
1204,Ornaments,(2008)," Documentary, Adventure, Biography            "
1205,Changing Spots,(2006), Horror            
1206,Kagekiha opera,(2016), Documentary            
1207,El grito en el cielo,(1998)," Drama, Thriller            "
1208,Superstarlet A.D.,(2000)," Drama, Romance            "
1209,D'une pierre deux coups,(I) (2016)," Drama, Romance, Sport            "
1210,The Gertrude Stein Mystery or Some Like It Art,(2010), Documentary            
1211,Deadly Engagement,(2002)," Action, Crime, Drama            "
1212,Out Late,(2008), Documentary            
1213,The Skin I'm In,(2012)," Drama, Comedy, Romance            "
1214,Death Forest 2,(2015), Comedy            
1215,Transparent,(2006)," Documentary, Biography            "
1216,Sadisutikku yoga,(2007), Documentary            
1217,Jak calkowicie zniknac,(2014)," Documentary, Romance            "
1218,Maggie and Annie,(2002), Horror            
1219,Juarez: The City Where Women Are Disposable,(2007)," Drama, Romance            "
1220,Midnight Cabaret,(2012), Drama            
1221,Simon and I,(2002), Drama            
1222,Ho yuk,(2002), Comedy            
1223,El favor,(2004)," Crime, Drama, Thriller            "
1224,Queer City,(2016), Documentary            
1225,Hearts Cracked Open,(2004), Documentary            
1226,Ruthie and Connie: Every Room in the House,(2002), Drama            
1227,The Flemish Vampire,(2007)," Adventure, Drama            "
1228,Tai Bei wan 9 zao 5,(2002), Documentary            
1229,Suor Sorriso,(2001)," Drama, Romance            "
1230,Fei yue qin hai,(2003)," Documentary, History            "
1231,Akiba,(2006), Thriller            
1232,The Period,(2007)," Documentary, Adventure, Drama            "
1233,"Quiconque meurt, meurt à douleur",(1998), Documentary            
1234,Triple X Selects: The Best of Lezsploitation,(2007), Documentary            
1235,Sparrooabbán,(2016), Documentary            
1236,Haiiro no karasu,(2015), Documentary            
1237,Rôringu,(2015)," Drama, Romance            "
1238,Our House: A Very Real Documentary About Kids of Gay & Lesbian Parents,(2000), Horror            
1239,This Kiss,(2007), Documentary            
1240,Swimming with Lesbians,(2009)," Documentary, History            "
1241,The Hard Cut,(2011), Documentary            
1242,Fagbug,(2009)," Crime, Drama            "
1243,Zhi tongzhi,(2009)," Comedy, Drama, Romance            "
1244,Free Havana,(2012), Documentary            
1245,Donor Unknown,(2010), Documentary            
1246,Les mains déliées: À la recherche du cinéma gay israélien,(2014)," Documentary, Biography, History            "
1247,Nachuraru ûman 2010,(2010), Biography            
1248,ROT: Reunion of Terror,(2008), Documentary            
1249,Making Grace,(2004), Drama            
1250,"The Strange History of Don't Ask, Don't Tell",(2011), Horror            
1251,Dangerous Living: Coming Out in the Developing World,(2003), Drama            
1252,Amazing World,(1999), Romance            
1253,To Live and Die in Dixie,(2008)," Comedy, Romance            "
1254,Broken Gardenias,(2014)," Documentary, Drama, News            "
1255,Unlimited Girls,(2002), Documentary            
1256,Living with Pride: Ruth C. Ellis @ 100,(1999), Documentary            
1257,Beyond Gay: The Politics of Pride,(2009), Drama            
1258,Anna Freud: Under Analysis,(2003), Documentary            
1259,Ashley and Kisha: Finding the Right Fit,(2007), Comedy            
1260,Change of Life,(2006), Comedy            
1261,5-tsu kazoereba kimi no yume,(2014)," Crime, Horror, Mystery            "
1262,Pitong dalagita,(2006)," Comedy, Romance            "
1263,Il vento e le rose,(2009)," Horror, Thriller            "
1264,Desi's Looking for a New Girl,(2000), Documentary            
1265,The Abominable Crime,(2013), Documentary            
1266,Preacher's Sons,(2008)," Documentary, Biography            "
1267,Ten More Good Years,(2007)," Action, Drama, Romance            "
1268,Kurz davor ist es passiert,(2006)," Documentary, Drama, Family            "
1269,Du ska nog se att det går över,(2003), Comedy            
1270,My Mama Said Yo Mama's a Dyke,(2010), Documentary            
1271,Macbeth: The Comedy,(2001), Horror            
1272,Glass,(II) (2015)," Documentary, Family, History            "
1273,Baliktaran: Si Ace at si Daisy,(2001), Documentary            
1274,Island of Torture,(2006), Drama            
1275,Lifetime Guarantee: Phranc's Adventure in Plastic,(2001), Drama            
1276,Koi ni itaru yamai,(2011)," Drama, Fantasy, Mystery            "
1277,Treyf,(1998), Documentary            
1278,"Kings, Queens, & In-Betweens",(2017), Drama            
1279,"Sganarelle, or The Imaginary Cuckold",(2010), Comedy            
1280,An Act of Love,(2015), Documentary            
1281,Vendus,(2004), Documentary            
1282,Moja schastlivaya semja,(2007), Drama            
1283,Dokumushi,(2016)," Documentary, Biography, History            "
1284,Illegal Love,(2011)," Documentary, War            "
1285,Stained Glass Rainbows,(2015), Drama            
1286,The Time We Killed,(2004)," Documentary, Family, Sport            "
1287,Solitude,(2002)," Action, Mystery, Thriller            "
1288,Cherry,(I) (2009), Romance            
1289,We can Be Gay Today: Baltic Pride 2013,(2014)," Documentary, Family, History            "
1290,Tendida mirando las estrellas,(2004)," Comedy, Sci-Fi            "
1291,Homo Heights,(1998), Thriller            
1292,The Gay Marriage Thing,(2005), Drama            
1293,Verqueere Welten 2.0 - Alternative Lebenswege junger Menschen,(2012), Comedy            
1294,Hâdo rezubian: Kuikku & dîpu,(2005)," Documentary, Biography            "
1295,My Babushka: Searching Ukranian Identities,(2001), Comedy            
1296,Ask Not,(2008)," Documentary, History            "
1297,Making Maya,(2003), Drama            
1298,Out for the Long Run,(2011)," Comedy, Drama            "
1299,Solid Cover,(2000)," Comedy, Drama, Romance            "
1300,Kasei no kanon,(2002)," Comedy, Drama, Romance            "
1301,Purple Skies,(2014)," Comedy, Drama, Romance            "
1302,Probable Robot,(2015), Documentary            
1303,Black Aura on an Angel,(2004), Documentary            
1304,Die Ritterinnen,(2003), Comedy            
1305,Hannah and the Hasbian,(2011), Documentary            
1306,Madam and Eve,(2003), Drama            
1307,No Secret Anymore: The Times of Del Martin & Phyllis Lyon,(2003)," Drama, Romance            "
1308,Kinema junjou,(2016), Comedy            
1309,History Doesn't Have to Repeat Itself,(2014), Documentary            
1310,Shoujotachi no rashinban,(2011), Comedy            
1311,Desire Street,(2011), Documentary            
1312,Lost in Generation,(2006), Documentary            
1313,Curiosity Killed the Cat,(2012), Romance            
1314,Muj vysvlecenej denik,(2012), Drama            
1315,Cure for Love,(2008), Comedy            
1316,Jim in Bold,(2003)," Documentary, Biography, Music            "
1317,The D Word,(2005)," Comedy, Drama, Romance            "
1318,Shades of Gray,(2001), Documentary            
1319,Igyô no koi,(2002), Documentary            
1320,Mrs. Stevens Hears the Mermaids Singing,(2004), Documentary            
1321,The 'Yeah Whatever' Girl,(2007), Documentary            
1322,Becoming Psychic,(2010), Documentary            
1323,Kali Mah Tina,(2017)," Comedy, Drama, Romance            "
1324,My Left Breast,(2002)," Comedy, Drama, Fantasy            "
1325,Playing a Part: The Story of Claude Cahun,(2006), Drama            
1326,3 ju zhi lian,(1999)," Documentary, Biography            "
1327,The Extremists' Opera,(2016)," Comedy, Drama            "
1328,"Kotatsu to, mikan to, satsui to, nyâ",(2013), Documentary            
1329,...But I Was a Girl: The Story of Frieda Belinfante,(1999), Documentary            
1330,Maple Palm,(2006), Documentary            
1331,Mississippi Queen,(2010), Drama            
1332,For My Wife...,(2008)," Comedy, Drama            "
1333,The Female Closet,(1998), Romance            
1334,Liberty: 3 Stories About Life & Death,(2003)," Documentary, Biography, Family            "
1335,Unfit: Ward vs. Ward,(2012), Documentary            
1336,Love Me Not,(2012), Sci-Fi            
1337,Rapunzel Nabunzel,(2014), Comedy            
1338,Nordland,(2014), Drama            
1339,Out Here,(2013), Drama            
1340,So Long Suburbia,(2016), Comedy            
1341,This Obedience,(2003), Drama            
1342,Outtakes,(1998), Drama            
1343,Beyond Conception,(2006), Documentary            
1344,13 Genders,(2004), Drama            
1345,Listening to Rain,(2012), Drama            
1346,The Satyr of Springbok Heights,(2009)," Comedy, Drama, Romance            "
1347,Little Fishes,(2014), Drama            
1348,No Look Pass,(2011), Comedy            
1349,Rabu kiru kiru,(2004)," Fantasy, Thriller            "
1350,Over the Rainbow,(2009), Documentary            
1351,Yume no kayoiji,(2013), Documentary            
1352,Three on a Match,(1998), Documentary            
1353,The Throwaways,(2012)," Documentary, Sport            "
1354,Mrs.,(2006), Documentary            
1355,You're in Trouble,(2007), Documentary            
1356,Andy Warhol To Se Vrati,(2016), Documentary            
1357,Clouds in My Coffee,(2004), Documentary            
1358,Nach der Eiszeit,(1998)," Horror, Thriller            "
1359,Second,(2011), Documentary            
1360,Skeleton Woman,(2000), Documentary            
1361,Ami? Amie?,(2013), Documentary            
1362,Sexventure,(2011), Thriller            
1363,"Kotatsu to, mikan to, nyâ",(2013), Documentary            
1364,The 4th Life,(2006), Documentary            
1365,Out in Manhattan,(2008), Documentary            
1366,"Ordinary Couples, ExtraOrdinary Lives!",(2008), Comedy            
1367,In Sickness and in Health,(2007), Comedy            
1368,Lady Trojans,(2008), Documentary            
1369,Amazones 2000,(2000), Drama            
1370,Cerveaux mouillés d'orages,(2016), Drama            
1371,Girl Gone Bad,(2000), Comedy            
1372,Lesbian Grandmothers from Mars,(2005), Drama            
1373,Night of a Thousand Screams,(2001), Drama            
1374,Bubot Niyar,(2006), Documentary            
1375,A Boy Named Sue,(2000)," Documentary, Biography, History            "
1376,2 Mums and a Dad,(2007)," Comedy, Drama            "
1377,The Modern Things,(2003)," Documentary, Romance            "
1378,Before Homosexuals,(2017)," Mystery, Sci-Fi, Thriller            "
1379,Un jour d'anniversaire,(2004), Documentary            
1380,El camino de Moises,(2005), Fantasy            
1381,Shy of Normal: Tales of New Life Experiences,(2011), Documentary            
1382,Souru furawâ torein,(2013), Comedy            
1383,Katzenball,(2005), Drama            
1384,Montre l'exemple!,(2012), Drama            
1385,Ex-Votos,(2003), Documentary            
1386,That Bitch Better Funny: Sampson Live at Howard Theater,(2014)," Drama, Romance            "
1387,Mo yan ka sai,(2000), Comedy            
1388,Tierra madre,(2010), Documentary            
1389,The Edge of Each Other's Battle: The Vision of Audre Lorde,(2003), Documentary            
1390,Key West: City of Colors,(2004), Documentary            
1391,A Partilha,(2001), Documentary            
1392,Hazman havarod,(2009), Documentary            
1393,War Stories,(I) (2009)," Comedy, Drama            "
1394,Née sous absence,(2003), Drama            
1395,Iaga,(2015), Documentary            
1396,Seikai lesbian: Jokai,(2003), Documentary            
1397,Almost There,(2003)," Documentary, Biography, Drama            "
1398,Good Housekeeping,(2000), Documentary            
1399,Feuille,(2004)," Documentary, Family, History            "
1400,Johnny Greyeyes,(2000)," Documentary, History            "
1401,Pier Kids: The Life,(2015), Documentary            
1402,Folge der Feder!,(2004), Drama            
1403,Luther's Magic Weed,(2011), Documentary            
1404,No!,(2004), Horror            
1405,Whisper Leigh,(2008), Action            
1406,Youth Outloud!,(2001)," Documentary, Drama            "
1407,Through Thick and Thin,(2007)," Drama, Romance, Comedy            "
1408,God and Gays: Bridging the Gap,(2006), Documentary            
1409,Das traurige Leben der Gloria S.,(2011)," Documentary, Biography, Drama            "
1410,Raia no inori,(2015)," Drama, Romance            "
1411,Breaking the Silence,(2006), Drama            
1412,Identites,(2011), Romance            
1413,New Spirits,(2010), Thriller            
1414,Legalize Gay,(2011), Documentary            
1415,Born Equal,(2012)," Documentary, Biography            "
1416,Das Gezeiten,(2015), Romance            
1417,Koyangi-deul,(2009), Documentary            
1418,Pride,(2017), Drama            
1419,Together We're Heavy,(2009)," Comedy, Musical, Sci-Fi            "
1420,Born Again,(2007), Drama            
1421,Vinopiri: Krvni davek,(2012), Documentary            
1422,Best of Raw After the Show,(2014), Documentary            
1423,Rainbow's End,(II) (2005)," Comedy, Romance            "
1424,Yurisai,(2001), Drama            
1425,Melbourne Marching Girls Bare All,(2005), Documentary            
1426,Thy Will Be Done,(2010), Romance            
1427,Parsley Days,(2000), Documentary            
1428,Chrissy,(2000), Documentary            
1429,Il colore del silenzio,(2005), Documentary            
1430,Love = (Me)^3,(2000), Comedy            
1431,Fucked in the Face,(2000), Drama            
1432,Searching 4 Sandeep,(2007), Documentary            
1433,Beaver Run Café,(2005), Documentary            
1434,Over the Rainbow,(I) (2015), Documentary            
1435,Dates Like This,(2012), Documentary            
1436,A Few Good Dykes,(2004), Documentary            
1437,Clayton & Claudia,(2015), Drama            
1438,The Genderfellator,(2011)," Action, Crime, Drama            "
1439,"Yuriko, dasuvidânya",(2011), Documentary            
1440,Golden Threads,(1999), Documentary            
1441,Et SheAhava Nafshi,(2004)," Drama, Romance            "
1442,Low Fat Elephants,(2001)," Drama, Crime, Romance            "
1443,Runa no kodomo,(2009), Documentary            
1444,The HomoFiles,(2017), Documentary            
1445,Haijiao tianya,(2002), Documentary            
1446,Inspired: The Voices Against Prop 8,(2011), Documentary            
1447,I Was a Teenage Feminist,(2005), Documentary            
1448,One Summer in New Paltz: A Cautionary Tale,(2008), Documentary            
1449,Pupu no monogatari,(1998), Documentary            
1450,Troika,(1998), Documentary            
1451,Queens of Heart: Community Therapists in Drag,(2006)," Documentary, Comedy            "
1452,The Birthday,(2006), Documentary            
1453,"Many People, Many Desires",(2007), Documentary            
1454,Dirty Pillows (Vol One),(2004), Documentary            
1455,On n'a pas dit notre dernier mot!,(2006)," Documentary, Music            "
1456,Laughing Matters... More!,(2006), Documentary            
1457,West Point,(2007)," Comedy, Thriller            "
1458,Dreamt,(2010), Drama            
1459,The Losing Hand,(2012), Documentary            
1460,Danchi-zuma: Furin de rabu rabu,(2000), Drama            
1461,Let No One Put Asunder: The Legal Recognition of Same Sex Marriage in Canada,(2004), Documentary            
1462,Di madre in figlia,(2005), Horror            
1463,Parole de King!,(2015), Comedy            
1464,Someday I Suppose,(2005)," Documentary, Drama            "
1465,Savage Roses,(2002), Comedy            
1466,Politics of the Heart,(2007), Documentary            
1467,Jeg elsker hvem jeg vil,(1999), Comedy            
1468,Mijn zus Zahra,(2007), Comedy            
1469,Flesh,(II) (2007), Documentary            
1470,Classées XY,(2006), Documentary            
1471,Les filles de Paris,(2008)," Documentary, Comedy, Family            "
1472,La peur tue l'amour,(2003), Comedy            
1473,FtF: Female to Femme,(2006), Drama            
1474,Smokers,(2010)," Drama, Mystery            "
1475,Rainbow House,(2002), Documentary            
1476,Nilathooval,(2002), Documentary            
1477,Groundwalk,(2007), Documentary            
1478,Sole Journey,(2009), Documentary            
1479,"Yes, We Are",(2011), Documentary            
1480,U People,(2009), Documentary            
1481,Anders leben - Lesben im Alter,(2007)," Documentary, Biography, Family            "
1482,The Viva Voce Virus,(2008)," Documentary, Biography, Drama            "
1483,Delicious Ambiguity,(2009)," Documentary, Romance            "
1484,Children of the Crocodile,(2003)," Horror, Mystery, Thriller            "
1485,Womyn's Studies: Lessons in Porn,(2003), Comedy            
1486,See Dick Die,(1999)," Documentary, Biography, Sport            "
1487,Queer Moxie,(2016), Documentary            
1488,Vanityville Massacre,(2011), Documentary            
1489,Snoopy Green's Vampire Movie,(2012), Documentary            
1490,Olya's Love,(2014), Documentary            
1491,Lakomyy kusochek,(2003), Documentary            
1492,A ròzsaszín görény,(2003), Documentary            
1493,Habana Libre,(2006), Documentary            
1494,Twisted Hibiscus,(2013), Drama            
1495,Obake no Mariko Rôzu,(2010), Documentary            
1496,Swimming Upstream: A Year in the Life of Karen & Jenny,(2001)," Documentary, Drama            "
1497,A Union in Wait,(2001), Documentary            
1498,C Red Blue J,(2008), Comedy            
1499,Latino Beginnings,(2005), Documentary            
1500,Mental Cases,(2006), Mystery            
1501,Tyler B. Nice,(2006), Drama            
1502,Teaching Teo,(2003), Documentary            
1503,Death & Rejection,(2007)," Documentary, Crime            "
1504,The Lesbian Centennial Project,(2005), Documentary            
1505,Turning Points Stories of Life and Change in the Church,(2005), Documentary            
1506,J'ai deux mamans,(2003), Documentary            
1507,Mission to Matrimony: The Gay Marriage Proposal,(2006)," Documentary, Biography            "
1508,My Femme Divine,(1999), Documentary            
1509,Ladyfesto,(2004),
1510,In a Time of Trial,(2009),
1511,Conceiving Family,(2011),
1512,Fetal Position,(2003),
1513,Out at Lunch,(2010),
1514,Wedding Advice: Speak Now or Forever Hold Your Peace,(2002),
1515,Yuda,(2004),
1516,Coup de Grace,(2008),
1517,Guys Night,(2013),
1518,Red Rain,(1999),
1519,Tokyo Dyke!,(2011),
1520,"Mama Mama, Papa Papa",(2011),
1521,Love,(III) (2009),
1522,Coming out po polsku,(2011),
1523,Shunned,(2009),
1524,Des filles entre elles,(2010),
1525,L'altra metà del cielo,(2008),
1526,"Yuiitsu, subete",(2016),
1527,"Cinquantenaire du deuxième sexe, 1949-1999",(2001),
1528,Ze Igamer Bebechi,(2000),
1529,Hineini: Coming Out in a Jewish High School,(2005),
1530,Comic Evangelists,(2006),
1531,Válka v pameti zen,(2005),
1532,Under the Bridge,(I) (2017),
1533,Shimai: Love Doll,(2000),
1534,Are You Greedy?,(2005),
1535,Mary's Place,(1998),
1536,"Risk, Stretch or Die",(2008),
1537,Ich bin nicht krank! Ich bin schwul.,(2015),
1538,Lead with Love: A Documentary Film by Logan Lynn,(2017),
1539,Hand on the Pulse,(2002),
1540,The Lost Tribe,(2005),
