,budget,company,country,director,gross,name,rate,star,voter
0,"$13,000,000","Blue Haze Entertainment,Canal+ España,El Deseo,See more »,",Spain,Pedro Almodóvar,"$3,185,812",La piel que habito (2011) ,7.6,"Antonio Banderas,Elena Anaya,Jan Cornet,|,See full cast & crew,","119,657"
1,,"Menuet Producties,Frakas Productions,Topkapi Films,See more »,","Belgium,Netherlands",Lukas Dhont,,Girl (2018) ,7.5,"Victor Polster,Arieh Worthalter,Oliver Bodart,|,See full cast & crew,","2,065"
2,"$5,000,000","Truth Entertainment (II),Voltage Pictures,r2 films,See more »,",USA,Jean-Marc Vallée,"$27,298,285",Dallas Buyers Club (2013) ,8.0,"Matthew McConaughey,Jennifer Garner,Jared Leto,|,See full cast & crew,","389,249"
3,"$15,000,000","Working Title Films,Pretty Pictures,ReVision Pictures,See more »,","UK,USA,Germany,Denmark,Belgium,Japan",Tom Hooper,"$12,706,393,",The Danish Girl (2015) ,7.1,"Eddie Redmayne,Alicia Vikander,Amber Heard,|,See full cast & crew,","137,888"
4,,"Touchstone Pictures,Happy Madison Productions,See more »,",USA,Tom Brady,"$35,081,594",The Hot Chick (2002) ,5.5,"Rob Schneider,Rachel McAdams,Anna Faris,|,See full cast & crew,","82,829"
5,,"Screen Australia,Screen Queensland,Blacklab Entertainment,See more »,","Australia,USA",,"$68,372",Predestination (2014) ,7.5,"Ethan Hawke,Sarah Snook,Noah Taylor,|,See full cast & crew,","216,727"
6,"$80,000,000","Warner Bros.,Legendary Entertainment,Green Hat Films,See more »,",USA,Todd Phillips,"$254,464,305,",The Hangover Part II (2011) ,6.5,"Bradley Cooper,Zach Galifianakis,Ed Helms,|,See full cast & crew,","421,354"
7,"$13,000,000","Twentieth Century Fox,Alcon Entertainment,See more »,",USA,Danny Leiner,"$46,729,800","Dude, Where's My Car? (2000) ",5.5,"Ashton Kutcher,Seann William Scott,Jennifer Garner,|,See full cast & crew,","126,554"
8,"$9,000,000","Screen Gems,Columbia Pictures Corporation,Mandate Pictures,See more »,",USA,Peter Sollett,"$31,487,293,",Nick and Norah's Infinite Playlist (2008) ,6.7,"Michael Cera,Kat Dennings,Aaron Yoo,|,See full cast & crew,","82,746"
9,"$57,000,000","Warner Bros.,Bel Air Entertainment,Maysville Pictures,See more »,",USA,Stephen Herek,"$17,008,282",Rock Star (2001) ,6.2,"Mark Wahlberg,Jennifer Aniston,Dominic West,|,See full cast & crew,","38,010"
10,"$2,000,000","Fox Searchlight Pictures,The Independent Film Channel Productions,Killer Films,See more »,",USA,Kimberly Peirce,"$11,533,945,",Boys Don't Cry (1999) ,7.6,"Hilary Swank,Chloë Sevigny,Peter Sarsgaard,|,See full cast & crew,","85,421"
11,,"Participant Media,Fabula,Komplizen Film,See more »,","Chile,Germany,Spain,USA",Sebastián Lelio,"$2,020,988,",Una Mujer Fantástica (2017) ,7.2,"Daniela Vega,Francisco Reyes,Luis Gnecco,|,See full cast & crew,","15,814"
12,,"El Deseo,Renn Productions,France 2 Cinéma,See more »,","Spain,France",Pedro Almodóvar,"$8,264,530,",Todo sobre mi madre (1999) ,7.9,"Cecilia Roth,Marisa Paredes,Candela Peña,|,See full cast & crew,","78,767"
13,"$1,200,000","Cheerleader LLC,Hate Kills Man (HKM),Ignite Entertainment,See more »,",USA,Jamie Babbit,"$2,205,627",But I'm a Cheerleader (1999) ,6.6,"Natasha Lyonne,Clea DuVall,Michelle Williams,|,See full cast & crew,","22,619"
14,"$100,000","Duplass Brothers Productions,Through Films,See more »,",USA,Sean Baker,"$701,837,",Tangerine (2015) ,7.1,"Kitana Kiki Rodriguez,Mya Taylor,Karren Karagulian,|,See full cast & crew,","21,599"
15,"$27,000,000","Number 9 Films,Film4,Intandem Films,See more »,",UK,Robert B. Weide,"$2,778,752,",How to Lose Friends & Alienate People (2008) ,6.4,"Simon Pegg,Kirsten Dunst,Megan Fox,|,See full cast & crew,","64,909"
16,"$8,000,000","Mockingbird Pictures,Trillium Productions,Parallel Film Productions,See more »,","UK,Ireland,France,USA",Rodrigo García,"$3,014,696",Albert Nobbs (2011) ,6.7,"Glenn Close,Mia Wasikowska,Aaron Taylor-Johnson,|,See full cast & crew,","21,761"
17,"$5,000,000","Canal+ España,El Deseo,Instituto de la Cinematografía y de las Artes Audiovisuales (ICAA),See more »,",Spain,Pedro Almodóvar,"$5,211,842,",La mala educación (2004) ,7.5,"Gael García Bernal,Fele Martínez,Javier Cámara,|,See full cast & crew,","50,277"
18,,"British Columbia Film,CITY-TV,Government of British Columbia Film Incentive BC Program,See more »,",Canada,Anne Wheeler,"$2,011,254,",Better Than Chocolate (1999) ,6.1,"Wendy Crewson,Karyn Dwyer,Christina Cox,|,See full cast & crew,","7,269"
19,,"Pathé Pictures International,Bórd Scannán na hÉireann,Northern Ireland Film and Television Commission,See more »,","Ireland,UK",Neil Jordan,"$828,699,",Breakfast on Pluto (2005) ,7.3,"Cillian Murphy,Morgan Jones,Eva Birthistle,|,See full cast & crew,","19,254"
20,"$15,500,000","Icon Entertainment International,Rocket Pictures,Prospero Pictures,See more »,","USA,UK,Canada",Nick Hurran,,It's a Boy Girl Thing (2006) ,6.3,"Samaire Armstrong,Kevin Zegers,Sherry Miller,|,See full cast & crew,","36,441"
21,"$6,000,000","Killer Films,New Line Cinema,See more »,",USA,John Cameron Mitchell,"$3,029,081,",Hedwig and the Angry Inch (2001) ,7.8,"John Cameron Mitchell,Miriam Shor,Stephen Trask,|,See full cast & crew,","28,849"
22,,"Boz Productions,Insight Film Studios,Helsing Releasing,See more »,","Canada,USA",Bo Zenga,,Stan Helsing (2009) ,3.6,"Steve Howey,Diora Baird,Kenan Thompson,|,See full cast & crew,","10,956"
23,"$13,500,000","Centropolis Entertainment,See more »,",USA,Roland Emmerich,"$186,354,",Stonewall (2015) ,5.0,"Jeremy Irvine,Jonny Beauchamp,Joey King,|,See full cast & crew,","2,882"
24,,"Asahi National Broadcasting Company,Bandai Visual Company,DENTSU Music And Entertainment,See more »,",Japan,Takeshi Kitano,"$853,718,",Zatôichi (2003) ,7.6,"Takeshi Kitano,Tadanobu Asano,Yui Natsukawa,|,See full cast & crew,","44,159"
25,,"Lyla Films,MK2 Productions,See more »,","Canada,France",Xavier Dolan,,Laurence Anyways (2012) ,7.7,"Melvil Poupaud,Emmanuel Schwartz,Suzanne Clément,|,See full cast & crew,","14,898"
26,"$75,000,000","Revolution Studios,Pitt-Shelton Productions,The Pitt Group,See more »,",USA,Ron Shelton,"$30,013,346,",Hollywood Homicide (2003) ,5.3,"Harrison Ford,Josh Hartnett,Isaiah Washington,|,See full cast & crew,","33,718"
27,"$1,000,000","Belladonna Productions,See more »,",USA,Duncan Tucker,"$9,015,303,",Transamerica (2005) ,7.4,"Felicity Huffman,Kevin Zegers,Fionnula Flanagan,|,See full cast & crew,","38,590"
28,"$5,000,000","Big Beach Films,InFilm Productions,IM Global,See more »,",USA,Gaby Dellal,"$66,371,",3 Generations (2015) ,5.8,"Naomi Watts,Elle Fanning,Susan Sarandon,|,See full cast & crew,","4,561"
29,,"Madhouse,See more »,",Japan,,"$128,985,",Tôkyô goddofâzâzu (2003) ,7.9,"Tôru Emori,Yoshiaki Umegaki,Aya Okamoto,|,See full cast & crew,","24,847"
30,"$250,000","Plotdigger Films,See more »,",Canada,Ryan Nicholson,,Gutterballs (2008) ,4.7,"Alastair Gamble,Mihola Terzic,Nathan Witte,|,See full cast & crew,","2,849"
31,"$15,000,000","Tribeca Productions,See more »,",USA,Joel Schumacher,"$4,485,485,",Flawless (1999) ,6.4,"Robert De Niro,Philip Seymour Hoffman,Barry Miller,|,See full cast & crew,","16,184"
32,,"Seahorse Films,See more »,",UK,Rebekah Fortune,,Just Charlie (2017) ,6.9,"Karen Bryson,Harry Gilby,Scot Williams,|,See full cast & crew,",358
33,"€1,000,000","Hold Up Films,Arte France Cinéma,Lilies Films,See more »,",France,Céline Sciamma,"$129,834,",Tomboy (2011) ,7.4,"Zoé Héran,Malonn Lévana,Jeanne Disson,|,See full cast & crew,","15,081"
34,"£2,000,000","Tiger Aspect Productions,Icon Productions,Fragile Films,See more »,",UK,Ed Bye,,Kevin & Perry Go Large (2000) ,5.5,"Harry Enfield,Kathy Burke,Rhys Ifans,|,See full cast & crew,","11,221"
35,,"Ariztical Entertainment,EOSS Productions,Logo Films,See more »,",USA,Q. Allan Brocka,,Eating Out: The Open Weekend (2011) ,5.4,"Aaron Milo,Chris Puckett,Chris Salvatore,|,See full cast & crew,","2,018"
36,,"Small Town Girl Productions,See more »,",USA,Jessica Cameron,,Truth or Dare (2013) ,5.0,"Jessica Cameron,Ryan Kiser,Heather Dorff,|,See full cast & crew,",521
37,,"Milk and Honey - The Movie,Warrior Film Promotions,See more »,",UK,Matt Gambell,,Milk and Honey: The Movie (2018) ,0,"Mark Wingett,Claire King,Rachel Bright,|,See full cast & crew,",0
38,,"G. Rich Entertainment,See more »,",USA,Kevin DiNovis,,Surrender Dorothy (1998) ,6.0,"Peter Pryor,Kevin DiNovis,Jason Centeno,|,See full cast & crew,",306
39,,,USA,Eric Schaeffer,"$20,289,",Boy Meets Girl (2014) ,7.1,"Michael Welch,Michelle Hendley,Alexandra Turshen,|,See full cast & crew,","3,804"
40,,"Film Rock,Hill & Brand Entertainment,See more »,",USA,,,Transylmania (2009) ,3.9,"Patrick Cavanaugh,James DeBello,Tony Denman,|,See full cast & crew,","2,437"
41,,"Boogiefilm,Das Kleine Fernsehspiel (ZDF),Enigma Film,See more »,",Germany,Sabine Bernardi,"$773,",Romeos (2011) ,6.8,"Rick Okon,Max Befort,Liv Lisa Fries,|,See full cast & crew,","2,953"
42,,"Defender Films,Kirkham/Lewitt,See more »,",USA,Jordan Roberts,,Frankie Go Boom (2012) ,6.0,"Charlie Hunnam,Chris O'Dowd,Lizzy Caplan,|,See full cast & crew,","4,478"
43,"$17,000,000","Big Bang Production,Flame Ventures,Hannibal Pictures,See more »,",USA,Tony Krantz,,The Big Bang (2010) ,5.5,"Antonio Banderas,Thomas Kretschmann,William Fichtner,|,See full cast & crew,","6,558"
44,,"Lommel Entertainment,Peter Schamoni Film,See more »,",Germany,Ulli Lommel,,Daniel der Zauberer (2004) ,1.9,"Daniel Küblböck,Ulli Lommel,Rudolf Waldemar Brem,|,See full cast & crew,","13,645"
45,"€2,000,000","Götafilm,Periferia Productions Ky,Film i Väst,See more »,","Finland,Sweden",Alexandra-Therese Keining,,Pojkarna (2015) ,6.1,"Tuva Jagell,Emrik Öhlander,Louise Nyvall,|,See full cast & crew,",817
46,,"Dodgeville Films,Tigerlily Pictures LLC,See more »,",USA,Jennifer M. Kroot,,The Untold Tales of Armistead Maupin (2017) ,7.5,"Armistead Maupin,Frank Biafore,Kate Bornstein,|,See full cast & crew,",186
47,,"Colosé Producciones,Gustavo Sánchez Quesada,Películas la Trini,See more »,",Spain,Gustavo Sánchez,,I Hate New York (2018) ,7.6,"Amanda Lepore,Sophia Lamar,Chloe Dzubilo,|,See full cast & crew,",25
48,"$4,000,000","Karmic Productions,Lodestar Entertainment,See more »,",USA,Buddy Giovinazzo,,Life Is Hot in Cracktown (2009) ,6.1,"Evan Ross,Stephanie Lugo,Maurice Blake,|,See full cast & crew,","1,656"
49,,"Maruti International,See more »,",India,Indra Kumar,"$162,687,",Masti (2004) ,6.2,"Aftab Shivdasani,Vivek Oberoi,Riteish Deshmukh,|,See full cast & crew,","5,081"
50,,"6 Sales,Mark Williams Films,2B Pictures,See more »,","UK,Spain,USA,Bahrain",Simon Fellows,,Malice in Wonderland (2009) ,6.1,"Maggie Grace,Danny Dyer,Matt King,|,See full cast & crew,","2,845"
51,,"Delux Productions,Elsani Film,Moonstone Entertainment,See more »,","Luxembourg,Germany",Jean-Claude Schlim,,House of Boys (2009) ,6.6,"Loïc Peckels,Layke Anderson,Harry Ferrier,|,See full cast & crew,",991
52,,"Dentsu,J Storm,Paradise Cafe,See more »,",Japan,Naoko Ogigami,,Karera ga honki de amu toki wa (2017) ,6.6,"Tôma Ikuta,Kenta Kiritani,Mugi Kadowaki,|,See full cast & crew,",890
53,,"Spring Pictures,Round Films,See more »,",USA,Damon Cardasis,,Saturday Church (2017) ,6.2,"Indya Moore,Margot Bingham,Regina Taylor,|,See full cast & crew,",433
54,"€1,440,000","Cinegram,Eurimages,Mahayana Film,See more »,","Turkey,Greece",Ugur Yücel,,Yazi Tura (2004) ,7.7,"Kenan Imirzalioglu,Olgun Simsek,Bahri Beyat,|,See full cast & crew,","4,813"
55,,"Maïa Films,YC Alligator Film,Zephyr Films,See more »,","France,Belgium,UK",Sébastien Lifshitz,"$15,355,",Wild Side (2004) ,6.5,"Stéphanie Michelini,Yasmine Belmadi,Edouard Nikitine,|,See full cast & crew,",919
56,,"Public Square Films,Faliro House Productions,Ninety Thousand Words,See more »,",USA,David France,,The Death and Life of Marsha P. Johnson (2017) ,7.1,"Kurt Wolfe,Sue Yacka,Catherine Shugrue Dos Santos,|,See full cast & crew,",924
57,,"Culpan Productions LLC,See more »,",USA,Tod Williams,"$100,041,",The Adventures of Sebastian Cole (1998) ,6.8,"Adrian Grenier,Clark Gregg,Aleksa Palladino,|,See full cast & crew,","1,770"
58,"$10,000,000","J&M Entertainment,Original Voices Inc.,See more »,",USA,Shirley MacLaine,,Bruno (2000) ,6.2,"Alex D. Linz,Shirley MacLaine,Gary Sinise,|,See full cast & crew,","1,267"
59,,"Fandango,Faros Film,Rai Cinema,See more »,",Italy,Ferzan Ozpetek,,Magnifica presenza (2012) ,6.7,"Elio Germano,Margherita Buy,Vittoria Puccini,|,See full cast & crew,","4,457"
60,,"Aligator Producciones,Divine Productions,Estudios Picasso,See more »,","Spain,France",Ramón Salazar,"$4,810,",20 centímetros (2005) ,6.5,"Mónica Cervera,Pablo Puyol,Miguel O'Dogherty,|,See full cast & crew,","1,697"
61,,"Miklen Entertainment,See more »,",USA,Mike Sedan,,Sexual Chemistry (1999) ,5.2,"Jeff Xander,Stephanee LaFleur,Chanda Marie,|,See full cast & crew,",194
62,,"Plenilunio Film & Arts,Centro Nacional Autónomo de Cinematografía (CNAC) (I),Factor RH Producciones,See more »,","Venezuela,Spain",Miguel Ferrari,,Azul y no tan rosa (2012) ,7.5,"Guillermo Garcia,Ignacio Montes,Hilda Abrahamz,|,See full cast & crew,","1,781"
63,"$4,000,000","Lost Lane Entertainment,Suzanne DeLaurentiis Productions,See more »,",USA,Suri Krishnamma,,The Grief Tourist (2012) ,5.0,"Michael Cudlitz,Melanie Griffith,Pruitt Taylor Vince,|,See full cast & crew,",922
64,"£160,000","Après Vague Productions,See more »,",UK,Salem Kapsaski,,Spidarlings (2016) ,7.6,"Sophia Disgrace,Rahel Kapsaski,Lee Mark Jones,|,See full cast & crew,",77
65,,"Dezenove Som e Imagem,Africa Filmes,See more »,",Brazil,Anna Muylaert,"$11,678,",Mãe Só Há Uma (2016) ,6.8,"Naomi Nero,Daniel Botelho,Dani Nefussi,|,See full cast & crew,","1,050"
66,,"IdeaFirst Company,Octobertrain Films,See more »,",Philippines,Jun Lana,,Die Beautiful (2016) ,7.8,"Paolo Ballesteros,Christian Bables,Joel Torre,|,See full cast & crew,",357
67,,"Free Lion Productions,Archer Gray,Fearless Company,See more »,",USA,,,TransMilitary (2018) ,8.2,,18
68,,"Closer Productions,See more »,",Australia,Sophie Hyde,,52 Tuesdays (2013) ,6.2,"Tilda Cobham-Hervey,Sam Althuizen,Imogen Archer,|,See full cast & crew,","1,217"
69,,"100% Synthetic Films,Greek Film Center,See more »,",Greece,Panos H. Koutras,,Strella (2009) ,7.4,"Mina Orfanou,Yannis Kokiasmenos,Minos Theoharis,|,See full cast & crew,","3,001"
70,,"Heimatfilm,National Film Development Corporation of India (NFDC),Augustus Film,See more »,","Germany,India,Netherlands,France",Anup Singh,,Qissa: The Tale of a Lonely Ghost (2013) ,6.6,"Irrfan Khan,Tisca Chopra,Tillotama Shome,|,See full cast & crew,",699
71,,"Amard Bird Films,Desire Productions,ZDF/Das kleine Fernsehspiel,See more »,",Germany,Yony Leyser,,Desire Will Set You Free (2015) ,4.9,"Yony Leyser,Tim-Fabian Hoffmann,Chloe Griffin,|,See full cast & crew,",177
72,,"GMM Pictures Co.,See more »,",Thailand,Ekachai Uekrongtham,"$199,",Beautiful Boxer (2004) ,7.1,"Asanee Suwan,Sorapong Chatree,Orn-Anong Panyawong,|,See full cast & crew,","2,979"
73,,"Indion Entertainment Group,Toy Gun Films,See more »,",USA,Sydney Freeland,,Drunktown's Finest (2014) ,6.9,"Jeremiah Bitsui,Carmen Moore,MorningStar Angeline,|,See full cast & crew,",187
74,,"SimonSays Entertainment,A Small Production Company,The Princess Grace Foundation,See more »,",USA,Rashaad Ernesto Green,"$148,994,",Gun Hill Road (2011) ,6.6,"Esai Morales,Robert Salzman,Ty Jones,|,See full cast & crew,","1,045"
75,,"Compass Productions,See more »,",Canada,Eisha Marjara,,Venus (2017) ,5.7,"Debargo Sanyal,Jamie Mayers,Pierre-Yves Cardinal,|,See full cast & crew,",119
76,"$500,000","Bjornquist Films,Unionmovie,See more »,",USA,Whitney Hamilton,,Union (2018) ,7.2,"John Charles Dickson,Virginia Newcomb,Jay Galloway,|,See full cast & crew,",8
77,,"Story AB,Hard Working Movies,Film i Väst,See more »,","Sweden,USA",Sara Jordenö,,Kiki (2016) ,5.4,"Loretta Coombs,Takima Coombs,Afrika Juicy Couture,|,See full cast & crew,",418
78,,"Garagefilm International,Fasad Postproduktion,Film i Väst,See more »,",Sweden,Ester Martin Bergsmark,,Nånting måste gå sönder (2014) ,6.3,"Saga Becker,Iggy Malmborg,Shima Niavarani,|,See full cast & crew,","1,290"
79,"€85,750","Optimale,Vivàsvan,See more »,",France,Antony Hickling,,One Deep Breath (2014) ,5.8,"Manuel Blanc,Thomas Laroppe,Stéphanie Michelini,|,See full cast & crew,",36
80,,"Joel Films,Unity Films Inc.,See more »,","Venezuela,Uruguay,Peru",Elia K. Schneider,,Tamara (2016) ,7.2,"Luis Fernandez,Prakriti Maduro,Mimi Lazo,|,See full cast & crew,",113
81,,"Bless Bless Productions,See more »,",USA,,"$40,999,",The Brandon Teena Story (1998) ,7.3,"Daphne,Reanna,Gina,|,See full cast & crew,",892
82,,"Q-Ball Productions,See more »,",USA,Kate Davis,,Southern Comfort (2001) ,6.6,"Robert Eads,Lola Cola,Maxwell Scott Anderson,|,See full cast & crew,",835
83,,"Rustbelt Productions,See more »,",USA,Roger Hill,,Huckleberry (2018) ,0,"Daniel Fisher-Golden,Jahking Guillory,Sarah Ulstrup,|,See full cast & crew,",0
84,,"Unleashed Films,See more »,",USA,,"$44,532,",The Dog (2013) ,6.5,"John Wojtowicz,Carmen Bifulco,Jeremy Bowker,|,See full cast & crew,",794
85,,"Allen Edelman Management,Black Hawk Entertainment,See more »,",USA,Chi Muoi Lo,"$1,315,573,",Catfish in Black Bean Sauce (1999) ,6.6,"Chi Muoi Lo,Sanaa Lathan,Paul Winfield,|,See full cast & crew,",428
86,,"Three Degrees Off Center Productions,See more »,",USA,James A. Ward,,Identity Theft (2009) ,3.9,"Laura Weintraub,James A. Ward,Michael Cole,|,See full cast & crew,",109
87,,"DRM Entertainment,DRM Media,See more »,",South Korea,Yun-ho Yang,,Ga-myeon (2007) ,6.4,"Kang-woo Kim,Gyu-ri Kim,Su-kyeong Lee,|,See full cast & crew,",601
88,"CAD 40,000","Shapeshifter Films,See more »,",Canada,Gwen Haworth,,She's a Boy I Knew (2007) ,7.8,"Colleen Haworth,Gwen Haworth,Kim Haworth,|,See full cast & crew,",118
89,"€766,000","Ad hoc studios,Babilonia Films S.L.,Meridional Producciones,See more »,",Spain,Marina Seresesky,,La puerta abierta (2016) ,7.0,"Carmen Machi,Terele Pávez,Asier Etxeandia,|,See full cast & crew,",516
90,,"Boje Buck Produktion,Westdeutscher Rundfunk (WDR),Witch,See more »,",Germany,Kutlug Ataman,,Lola + Bilidikid (1999) ,6.3,"Gandi Mukli,Baki Davrak,Erdal Yildiz,|,See full cast & crew,","1,175"
91,,"MTV Europe,MTV Films Europe,Vertigo Films,See more »,",UK,Jim Hickey,,Dirty Sanchez: The Movie (2006) ,6.2,"Matthew Pritchard,Lee Dainton,Mike Locke,|,See full cast & crew,","4,066"
92,,"MNP Entreprise,No Money Productions,Arte France Cinéma,See more »,",France,,,Louise-Michel (2008) ,6.6,"Yolande Moreau,Bouli Lanners,Benoît Poelvoorde,|,See full cast & crew,","2,230"
93,"$790,000","Mosaic Films,Charlotte Street Films,Green River Pictures,See more »,",USA,,,Denial (2016) ,7.5,"Mike Ahmadi,Christine David Hallquist,Derek Hallquist,|,See full cast & crew,",22
94,"€810,000","Edith Film Oy,Future Film,SVT,See more »,","Finland,Sweden",Simo Halinen,,Kerron sinulle kaiken (2013) ,6.8,"Leea Klemola,Peter Franzén,Ria Kataja,|,See full cast & crew,",614
95,,"Caracol Televisión,Dago García Producciones,DíaFragma, Fábrica de Películas,See more »,",Colombia,Rubén Mendoza,,"Señorita María, la falda de la montaña (2017) ",7.6,"María Luisa Fuentes Burgos,María Luisa Bonilla,",170
96,,"RoseWorks,Sex Smart Films,See more »,",USA,Chris Arnold,,Trans (2012) ,5.7,"Masen Davis,Christine McGinn,",92
97,,"Outcast Films,Still Point Pictures,See more »,",USA,Eric Juhola,,Growing Up Coy (2016) ,5.4,"Auri Mathis,Coy Mathis,Dakota Mathis,|,See full cast & crew,",263
98,"$150,000","Extra / Ordinary Film Project,See more »,",USA,,,Little Bi Peep (2013) ,7.5,"Anna Shields,Sara Jecko,Leigh Strimbeck,|,See full cast & crew,",34
99,"$880,000","Chinarunn Entertainment Inc.,TigerTiger Productions,See more »,",Singapore,Glen Goei,"$19,319,",Forever Fever (1998) ,7.0,"Adrian Pang,Medaline Tan,Pierre Png,|,See full cast & crew,",548
100,"€240,000","Rosa Filmes,Ad Vitam Production,See more »,","Portugal,France",João Pedro Rodrigues,"$3,939,",Morrer Como Um Homem (2009) ,5.9,"Chandra Malatitch,John Jesus Romão,Ivo Barroso,|,See full cast & crew,",881
101,,"Cinemax,World of Wonder Productions,World of Wonder,See more »,",USA,,,101 Rent Boys (2000) ,6.3,"David Anthony,Gary Barry,Scott Black,|,See full cast & crew,",323
102,,"Yes Docu,See more »,",Israel,Ofir Trainin,,Mishpakha BiTrans (2018) ,5.3,"Amit Tsuk,Galit Tsuk,",6
103,"$100,000","Mattioli Productions,See more »,",USA,A.J. Mattioli,,The Coffee Shop (2014) ,3.8,"Blanche Baker,Elissa Goldstein,Keith Collins,|,See full cast & crew,",68
104,,"Five Stars Production Company,See more »,",Thailand,Kongkiat Khomsiri,,Cheun (2009) ,6.9,"Arak Amornsupasiri,Sonthaya Chitmanee,Jessica Pasaphan,|,See full cast & crew,",604
105,,"Leave It on the Floor,Sheldon Larry Productions Inc.,See more »,","Canada,USA",Sheldon Larry,,Leave It on the Floor (2011) ,6.2,"Ephraim Sykes,Andre Myers,Phillip Evelyn,|,See full cast & crew,",367
106,,"Tai Entertainment,See more »,",Thailand,Yongyoot Thongkongtoon,"$110,825,",Satree lek (2000) ,6.8,"Jesdaporn Pholdee,Sahaphap Tor,Ekachai Buranapanit,|,See full cast & crew,","1,236"
107,"$30,000","Cine Calibre Films,See more »,",USA,Christopher Baiza,,Myra (2018) ,0,"Tom Sizemore,Scott Krinsky,Cesar Garcia,|,See full cast & crew,",0
108,"$1,500,000","Unison Films,De Warrenne Pictures,See more »,","USA,Thailand",Seth Grossman,"$21,298,",The Elephant King (2006) ,6.3,"Ellen Burstyn,Tate Ellington,Florence Faivre,|,See full cast & crew,",464
109,,,South Korea,Jin Jang,,Hai-hil (2014) ,6.6,"Seung-won Cha,Jeong-se Oh,Esom,|,See full cast & crew,",994
110,,,USA,Stu Maddux,,Gen Silent (2011) ,8.2,,52
111,"$248,321","Say Yes Quickly Productions,Just Media,See more »,",USA,Lydia Nibley,,Two Spirits (2009) ,7.6,,78
112,,"VideoFilmes,Dominant 7,Lumière,See more »,","Brazil,France",Karim Aïnouz,"$198,181,",Madame Satã (2002) ,7.1,"Lázaro Ramos,Marcelia Cartaxo,Flavio Bauraqui,|,See full cast & crew,","2,317"
113,,"Solito Arts,See more »,",Philippines,Auraeus Solito,,Boy (2009) ,5.8,"Aeious Asin,Aries Pena,Belinda,|,See full cast & crew,",167
114,,"Film Guru,See more »,",Thailand,Poj Arnon,,Toot too ku chart (2018) ,0,"Rattapoom Tokongsup,Petchtai Wongkamlao,",0
115,,"Channel Four Films,Halal Films,Logo,See more »,","UK,France,Germany,Australia,USA",Parvez Sharma,"$105,033,",A Jihad for Love (2007) ,6.5,"Muhsin Hendricks,A.K. Hoosen,Mazen,|,See full cast & crew,",614
116,,"Telespan 2000,Estudios Picasso,Canal+ España,See more »,",Spain,Chus Gutiérrez,,El Calentito (2005) ,5.9,"Verónica Sánchez,Macarena Gómez,Juan Sanz,|,See full cast & crew,",496
117,"$40,000","Chill Productions,See more »,",USA,,,Girls Like Us! Part 1 (2012) ,5.8,"Bethany Stanton,Robin Lei,Milon V. Parker,|,See full cast & crew,",10
118,,"Instituto Nacional de Cine y Artes Audiovisuales (INCAA),See more »,",Argentina,Javier van de Couter,,Mía (2011) ,6.9,"Rodrigo De la Serna,Maite Lanata,Camila Sosa Villada,",152
119,"$300,000","Grandelusion,See more »,",USA,,"$220,077,",The Cockettes (2002) ,7.3,"Larry Brinkin,Peggy Cass,Pristine Condition,|,See full cast & crew,",490
120,"€100,000","Matador Film,See more »,","Germany,Austria",Marcel Walz,,La Petite Mort II (2014) ,3.5,"Annika Strauss,Yvonne Wölke,Mika Metz,|,See full cast & crew,",94
121,,,Israel,Yair Hochner,,Yeladim Tovim (2005) ,5.1,"Daniel Efrat,Dana Balalti,Michael Hamel,|,See full cast & crew,",323
122,,"The Reporters,See more »,",USA,Mark Saxenmeyer,,The Queens (2018) ,0,"Sunny Dee-Light,Maya Douglas,Jim Flint,|,See full cast & crew,",0
123,"$20,000","Transflix Productions,E.B.G. Productions,PL Entertainment,See more »,",,,,L.G.B.T. Love Stories (2016) ,4.4,"Frederic Farina,Christina Russo,Danny Martinez,|,See full cast & crew,",7
124,,,Vietnam,,,Finding Phong (2015) ,7.9,,38
125,"£75,000","Flyswot Films,See more »,","UK,USA,France",Simon Savory,,Bruno & Earlene Go to Vegas (2013) ,5.1,"Miles Szanto,Ashleigh Sumner,Barrett Crake,|,See full cast & crew,",117
126,,"Viva Films,MVP Pictures,See more »,","Philippines,Indonesia",Wenn V. Deramas,,Moron 5 and the Crying Lady (2012) ,5.4,"Luis Manzano,Billy Crawford,Marvin Agustin,|,See full cast & crew,",59
127,,"Patthikonda Cinemass,See more »,",India,Bhanushanker Chowdary,,Arddhanaari (2016) ,7.8,"Harikrishna,Jyoti,Mirchi Madhavi,|,See full cast & crew,",19
128,,"Westdeutscher Rundfunk (WDR),Wüste Film West GmbH,See more »,",Germany,Nana Neul,,Mein Freund aus Faro (2008) ,6.5,"Anjorka Strechel,Lucie Hollmann,Manuel Cortez,|,See full cast & crew,",401
129,,"Narrative Films,See more »,",USA,Jake Yuzna,,Open (2010) ,5.4,"Tempest Crane,Jendeen Forberg,Gaea Gaddy,|,See full cast & crew,",97
130,,"Perfect Day Films,See more »,",USA,Timothy Greenfield-Sanders,,The Out List (2013) ,7.2,"Dustin Lance Black,R. Clarke Cooper,Wade Davis,|,See full cast & crew,",589
131,,"Film Tonic,Realtime Films Inc.,Original Pictures,See more »,",Canada,Brad Fraser,,Leaving Metropolis (2002) ,6.2,"Troy Ruptash,Vince Corazza,Lynda Boyd,|,See full cast & crew,",574
132,,,"Sweden,Kenya,Thailand,Uganda",Jonny von Wallström,,The Pearl of Africa (2016) ,6.8,,103
133,,"Olive Productions,RadicalMedia,See more »,",USA,,,Check It (2016) ,7.0,,102
134,,"Filmprodukties de Luwte,See more »,",Netherlands,Paula van der Oest,"$28,397,",Zus & zo (2001) ,6.4,"Sylvia Poorta,Anneke Blok,Monic Hendrickx,|,See full cast & crew,","1,508"
135,"MXN 1,200,000","9.5 Grados en la escala de Richter,La Chancla Producciones,See more »,",Mexico,Alan Coton,,Soba (2004) ,6.1,"Claudia Soberón,Dagoberto Gama,Antonio Algarra,|,See full cast & crew,",64
136,,,Spain,Antonio Morales,,Marisa en los bosques (2017) ,6.2,"Patricia Jordá,Aida de la Cruz,Mauricio Bautista,|,See full cast & crew,",31
137,"$2,500,000","Active Fox Productions,JMC Independent Productions,The Film Community,See more »,",USA,Susan Seidelman,"$31,478,",Musical Chairs (2011) ,4.9,"Leah Pipes,E.J. Bonilla,Priscilla Lopez,|,See full cast & crew,",261
138,,"C'est au 3,C'est au 4,See more »,","France,Pakistan",,,Noor (2012) ,7.2,"Uzma Ali,Baba Hussain,Noor,|,See full cast & crew,",70
139,"$50,000","Coach Cromer Productions,See more »,",USA,James Bubba Cromer,,The Hills Have Thighs (2008) ,3.4,"Hance Oliver,Dona Ayers,Mona Lisa Johnson,|,See full cast & crew,",57
140,"$1,500,000","Instituto Mexicano de Cinematografía (IMCINE),Tiburón Filmes,See more »,",Mexico,Rigoberto Pérezcano,,Carmin Tropical (2014) ,7.2,"José Pescina,Luis Alberti,Everardo Trejo,|,See full cast & crew,",161
141,"$2,500,000","Sidus,See more »,",South Korea,,,Cheonhajangsa madonna (2006) ,6.7,"Yun-shik Baek,Ki-Joon Hong,Kyeong-ik Kim,|,See full cast & crew,",316
142,,"Z Films,See more »,",Pakistan,Hassan Zee,,Salam Pakistan (2018) ,8.7,"Naghma,Ali Raza,Meerab Khan,|,See full cast & crew,",21
143,"$180,000","qWaves.com,See more »,",USA,,,Out in the Silence (2009) ,5.0,"C.J. Bills,Diane Granley,Linda Henderson,|,See full cast & crew,",453
144,,,"Belgium,USA",Michiel Thomas,,Game Face (2015) ,6.4,"Kye Allums,Terrence Clemens,Jason Collins,|,See full cast & crew,",111
145,"INR 85,000,000","Raghavendra Productions,See more »,",India,Lawrence Raghavendra,,Kanchana: Muni 2 (2011) ,6.5,"Lawrence Raghavendra,Sarath Kumar,Kovai Sarala,|,See full cast & crew,",722
146,,"Continuity Productions,See more »,",USA,Steven Rothblatt,,Oh Baby! (2008) ,7.6,"Claudia Abundis,Jorge Alberti,Laura Cerón,|,See full cast & crew,",22
147,,,USA,Wolfgang Busch,,How Do I Look (2006) ,7.7,"Tracy Africa,Kevin Aviance,Jose Guitierez,|,See full cast & crew,",15
148,"$100,000","For Now Productions,Missing Hill Productions,See more »,",USA,Nate Locklear,,God Made Man (2019) ,0,"Samantha Ireland,Mike Gassaway,Lee Dawn Hershey,|,See full cast & crew,",0
149,"£350,000","Medb Films,Entertainment Motion Pictures (E-MOTION),Le Tax Shelter du Gouvernement Fédéral de Belgique,See more »,",UK,Jan Dunn,,Ruby Blue (2007) ,6.8,"Bob Hoskins,Josiane Balasko,Jody Latham,|,See full cast & crew,",198
150,,,Italy,Lorenzo Lombardi,,In the Market (2009) ,1.9,"Ottaviano Blitch,Rossella Caiani,Gloria Cocco,|,See full cast & crew,",265
151,,,"USA,Fiji",,,Kumu Hina (2014) ,7.7,"Leo Anderson Akana,Haemaccelo Kalu,Ho'Onani Kamai,|,See full cast & crew,",88
152,"$700,000","Mattioli Productions,See more »,",USA,A.J. Mattioli,,Lady Peacock (2014) ,5.8,"Alec Seymour,Joshua Cruz,Simon Vargas,|,See full cast & crew,",137
153,"$1,500,000","Justice for All Productions,See more »,",USA,A.J. Mattioli,,An Affirmative Act (2010) ,5.7,"Charles Durning,Costas Mandylor,Robert Clohessy,|,See full cast & crew,",84
154,,"Un Monde Meilleur,Epicentre Films,Canal+,See more »,",France,Sébastien Lifshitz,,Bambi (2013) ,7.1,,99
155,,"Hoggwild Films,Sugar Shack Films,Viddywell Films,See more »,",Canada,Maureen Bradley,,Two 4 One (2014) ,7.3,"Gavin Crawford,Naomi Snieckus,Gabrielle Rose,|,See full cast & crew,",62
156,"NOK 18,000,000","Maipo Film,See more »,",Norway,Petter Næss,,Maskeblomstfamilien (2010) ,5.3,"Marcus Mathias Aarnseth,Andrea Pharo Ronde,Maria Bonnevie,|,See full cast & crew,",234
157,"$465,750",,USA,Jacqueline Gares,,Free CeCe! (2016) ,7.0,"Laverne Cox,Venus Xtravaganza,Lorena Xtravaganza,|,See full cast & crew,",20
158,,"After Stonewall,Center for Independent Documentary,See more »,",USA,John Scagliotti,,After Stonewall (1999) ,7.4,"Craig Rodwell,Melissa Etheridge,Mike Carney,|,See full cast & crew,",350
159,,"Cine Ojo,Les Films d'Ici,See more »,","Argentina,France",Edgardo Cozarinsky,,Ronda nocturna (2005) ,6.2,"Gonzalo Heredia,Mariana Anghileri,Rafael Ferro,|,See full cast & crew,",502
160,"$40,000","Mattioli Productions,See more »,",USA,A.J. Mattioli,,Words (2018) ,8.1,"Carmen Carrera,Caldwell Tidicue,Shakina Nayfack,|,See full cast & crew,",12
161,,,"Mexico,Thailand,Germany",Flavio Florencio,,Made in Bangkok (2015) ,7.2,"Morganna Love,Noa Herrera,",81
162,,,Iran,Bahman Motamedian,,Khastegi (2008) ,6.6,"Ghavi Bal,Bahare Ghavibal,Asghar Nejad,",46
163,,"ERE. Bistoury,See more »,",USA,Carla Forte,,Ann (2016) ,0,"Carlos Antonio León,The Dog Hero,Jose Manuel Dominguez,",0
164,,,Iran,Negar Azarbayjani,,Aynehaye rooberoo (2011) ,7.1,"Shayesteh Irani,Ghazal Shakeri,Homayoun Ershadi,|,See full cast & crew,",425
165,,,USA,Kate Elston,,Sex: M (2014) ,0,,0
166,,"The Mavo,See more »,",USA,A.R. Mavero,,Three (2018) ,0,"Julian Gavilanes,Donnell E. Smith,Travis Bratten,|,See full cast & crew,",0
167,,,"Israel,Canada",Doron Eran,,Melting Away (2011) ,6.8,"Hen Yanni,Yonatan Barak,Limor Goldstein,|,See full cast & crew,",169
168,,,USA,Mark Jensen,,Kink Crusaders (2011) ,6.6,"Lambodara Das,John Pendal,",34
169,,"GroundSpark,See more »,",USA,Debra Chasnoff,,Straightlaced: How Gender's Got Us All Tied Up (2009) ,6.9,,25
170,,,"Sweden,USA,UK",,,TransGeek (2018) ,0,,0
171,,"Red Without Blue,See more »,",USA,,,Red Without Blue (2007) ,6.8,"Clair Farley,Jennie Farley,Mark Oliver Farley,|,See full cast & crew,",452
172,,,USA,Julie Sokolow,,Woman on Fire (2016) ,6.6,"James L. Baker,Brooke Guinan,George Guinan,",23
173,"$50,000",,USA,Cyn Lubow,,A Womb of Their Own (2017) ,0,,0
174,,"Pearl Wolf Productions,See more »,","USA,Canada,Germany,Mexico",Dan Hunt,,Mr. Angel (2013) ,6.7,"Lux Alptraum,Buck Angel,Elayne Angel,|,See full cast & crew,",242
175,,"Dugong Production,Acis Productions,See more »,","Italy,France",,,Amori e metamorfosi (2014) ,0,"Andrea Vergoni,Gabriella Basso Ricci,Andrea Lorenzo Donnino Forzani,|,See full cast & crew,",0
176,,"Planet Janice Films,Rhino Films,See more »,",USA,Alex Hinton,,Pick Up the Mic (2006) ,8.2,"Aggracyst,Deadlee,Dutchboy,|,See full cast & crew,",76
177,"$340,000","Waves,See more »,","Tonga,USA",,,Leitis in Waiting (2018) ,0,,0
178,"€5,000",,Germany,Anna Brüggeshemke,,Emma (2018) ,0,"Brigitte Brüggeshemke,Emma Brüggeshemke,Hermann Brüggeshemke,|,See full cast & crew,",0
179,,"World of Wonder Productions,World of Wonder,See more »,",USA,,,Becoming Chaz (2011) ,6.5,"Cher,Chaz Bono,Jennifer Elia,|,See full cast & crew,",306
180,,"Hyena Films,See more »,","USA,Germany",Monika Treut,"$7,358",Gendernauts - Eine Reise durch die Geschlechter (1999) ,5.7,"Susan Stryker,Texas Tomboy,Annie Sprinkle,|,See full cast & crew,",123
181,,"Inefable,See more »,",Chile,Constanza Gallardo,,En tránsito (2017) ,8.8,,16
182,,"Tonalá Lab,Interior13 Cine,See more »,","Mexico,Chile",Camila José Donoso,,Casa Roshell (2017) ,6.2,"Roshell Terranova,Liliana Alba,Lia García,|,See full cast & crew,",101
183,,"C-Hundred Film Corporation,See more »,",USA,Kyle Henry,,Fourplay (2012) ,6.7,"Christeene,Gary Chason,Danielle Rene,|,See full cast & crew,",53
184,,"Amfine Production,See more »,",Thailand,Tanwarin Sukkhapisit,,It Gets Better (2012) ,7.6,"Prama Imanotai,Nuntita Khampiranon,Penpak Sirikul,|,See full cast & crew,",94
185,,,Turkey,Can Candan,,Benim çocugum (2013) ,7.8,"Sule Ceylan,Ömer Ceylan,Günseli Dum,|,See full cast & crew,",461
186,,"ESPN Films,Live Star Entertainment,See more »,",USA,Eric Drath,,Renée (2011) ,6.5,"Eric Drath,Renée Richards,Josephine Von Hipple,|,See full cast & crew,",77
187,€0,"De Familie,Vrijzinnig Protestantse Radio Omroep (VPRO),See more »,",Netherlands,Michiel van Erp,,I Am a Woman Now (2011) ,7.6,"April Ashley,Bambi,Colette Berends,|,See full cast & crew,",98
188,,,USA,Buck Angel,,Sexing the Transman (2011) ,6.8,"Margaret Cho,Ian Harvie,Selene Luna,|,See full cast & crew,",6
189,,,"UK,Austria",A. Hans Scheirl,,Dandy Dust (1998) ,6.1,"Suzie Krüger,Leonora Rogers-Wright,A. Hans Scheirl,|,See full cast & crew,",93
190,"SEK 4,000,000","Upfront Films,See more »,","Sweden,Denmark",Ester Martin Bergsmark,,Pojktanten (2012) ,5.7,"Juli Apponen,Sebastian Bendefors,Ester Martin Bergsmark,|,See full cast & crew,",163
191,"$80,000","Billy Shakespeare Project,See more »,",USA,Deborah Voorhees,,Billy Shakespeare (2014) ,7.8,"Jason D. Johnson,Catharine E. Jones,Phillip David Collins,|,See full cast & crew,",20
192,"$400,000","Cicala Filmworks,Poppoli Pictures,See more »,","Iceland,Philippines,France,Thailand",Olaf de Fleur Johannesson,"$5,255,",The Amazing Truth About Queen Raquela (2008) ,6.0,"Raquela Rios,Stefan C. Schaefer,Olivia Galudo,|,See full cast & crew,",210
193,,"Reid Productions,See more »,",USA,,,Cruel and Unusual (2006) ,6.9,"Ashley,Ophelia DeLonte,Anna Connelly,|,See full cast & crew,",54
194,,"Surly Puppy,See more »,",USA,,,Trinidad (2008) ,7.1,"Stanley Biber,Marci Bowers,Laura Ellis,|,See full cast & crew,",81
195,,"Cinemalaya,Octobertrain Films,APT Entertainment,See more »,","Philippines,Canada,UK,USA",Jun Lana,,Bwakaw (2012) ,7.2,"Eddie Garcia,Princess,Rez Cortez,|,See full cast & crew,",179
196,"$40,000","Mattioli Productions,See more »,",USA,A.J. Mattioli,,Gay Positive (2014) ,7.4,"Rutanya Alda,Blanche Baker,Jim Colucci,|,See full cast & crew,",7
197,"€10,000","Gothic Produzioni,See more »,","Italy,Canada",,,Christmaz (2013) ,6.2,"Kelly Abbass,Luigi Di Salvatore,Giovanni Galletto,|,See full cast & crew,",10
198,,"Kristian Petersen Filmproduktion,See more »,","Germany,Israel",,,Fucking Different Tel Aviv (2009) ,6.5,"Yossi Almong,Roii Amoya,Uri Avrahami,|,See full cast & crew,",34
199,,,USA,Agustin McCarthy,,Uncle Stephanie (2009) ,0,"Laverne Cox,Hunter Gilmore,Tim Seib,|,See full cast & crew,",0
200,,"Norse Dog Films,See more »,",USA,Ben Carter,,Partridge (2018) ,8.2,"Terrel DeWeese,Ben Carter,Anna Thomson,|,See full cast & crew,",6
201,,"MUVI Films,See more »,",Puerto Rico,Raúl Marchand Sánchez,,12 horas (2001) ,6.2,"Jaime Bello,Marcos Betancourt,Modesto Lacen,|,See full cast & crew,",88
202,,,"USA,Mexico",,"$2,390,",Blossoms of Fire (2000) ,7.0,,30
203,,"Coração da Selva,See more »,",Brazil,Roberto Moreira,,Quanto Dura o Amor? (2009) ,6.3,"Maria Clara Spinelli,Sílvia Lourenço,Danni Carlos,|,See full cast & crew,",133
204,,,USA,Hillevi Loven,,Deep Run (2015) ,6.4,,37
205,,,USA,,,Boy I Am (2006) ,7.5,"Elizabeth Cline,Lucey Cummins,Judith Halberstam,|,See full cast & crew,",42
206,,"National Film Board of Canada (NFB),See more »,",Canada,Chelsea McMullan,,My Prairie Home (2013) ,6.1,,61
207,"NOK 30,000","3F,See more »,",Norway,Daniel Dahl,,Killing Heat (2012) ,3.7,"Kim Andersen,Prajark Bhudprom,Oranuch Bunyjam,|,See full cast & crew,",60
208,,"Magic Real Picture Company,See more »,",Australia,Kim Farrant,,Naked on the Inside (2007) ,7.7,"Kim Farrant,Carré Otis,Shirley Sheffield,|,See full cast & crew,",86
209,,"Katharina Peters Filmproduktion,Creative Scotland,Media Co-Op,See more »,","Germany,UK,Finland",Katarina Peters,,Man for a Day (2012) ,7.4,,45
210,"THB 18,000,000","Tai Entertainment,Hub Ho Hin Films,See more »,",Thailand,Yongyoot Thongkongtoon,,Satree lek 2 (2003) ,5.4,"Sujira Arunpipat,Kokkorn Benjathikoon,Anucha Chatkaew,|,See full cast & crew,",194
211,,,New Zealand,,,Georgie Girl (2001) ,8.2,,38
212,,"Forever Films,See more »,",USA,,,Out Late (2008) ,7.0,"Leanna Bradley,Cathy Jambrosic,Walter Rothenburger,|,See full cast & crew,",89
213,,"Arte,Filmquadrat,Südwestrundfunk (SWR),See more »,",Germany,Thomas Wartmann,,Between the Lines - Indiens drittes Geschlecht (2005) ,7.6,"Laxmi Narayan Tripathi,Rhamba,Asha,|,See full cast & crew,",39
214,,,USA,Jules Rosskam,,Transparent (2006) ,7.1,,9
215,"AUD 263,000","Ruth Cullen,See more »,",Australia,Ruth Cullen,,Becoming Julia (2003) ,6.6,,5
216,,,"Canada,Iran,UK,USA",Tanaz Eshaghian,,Be Like Others (2008) ,7.5,,238
217,,,USA,Salome Oggenfuss,,Role Models (2014) ,0,,0
218,"$10,000",,USA,Kortney Ryan Ziegler,,Still Black: A Portrait of Black Transmen (2008) ,6.5,"Kylar Broadus,Louis Mitchell,",12
219,,,"Israel,Poland",,,Bebe (2017) ,0,,0
220,"$5,000","Silica Street Productions,See more »,","USA,Cuba",Eliezer Pérez Angueira,,Free Havana (2012) ,6.7,,9
221,,,"Sweden,USA",,,Colors of the Rainbow (2009) ,0,"Mark Bonner,Jessica Persson,Jon Voss,",0
222,,,USA,John Scagliotti,,Dangerous Living: Coming Out in the Developing World (2003) ,7.3,"Janeane Garofalo,Maher Sabry,",134
223,,,Canada,Bob Christie,,Beyond Gay: The Politics of Pride (2009) ,6.9,,113
224,,"Phare-Est Media,CMF-FMC,New Brunswick Film Development Program,See more »,",Canada,Julien Cadieux,,Guilda: Elle est bien dans ma peau (2014) ,7.6,,5
225,"$200,000","LookOut Films,See more »,",USA,Michael Jacoby,,Ten More Good Years (2007) ,8.6,"Harry Bartron,Harry Bartron,James Bidgood,|,See full cast & crew,",10
226,,,"Germany,Austria,France,Sweden,Slovenia",,,Should I Stay or Should I Go? (2015) ,0,"Julie Doyelle,Per Gottfredsson,Lorenz Kabas,|,See full cast & crew,",0
227,,"Five Sisters Productions,See more »,",USA,Gabrielle Burton,,"Kings, Queens, & In-Betweens (2017) ",6.6,,23
228,,"Adrian Keats Productions,Cool Black Water Productions,See more »,",Canada,Adrian Keats,,Stiff Luv (2008) ,6.6,"Michael Angelone,Lionel S. Boodlal III,Scott Butler,|,See full cast & crew,",20
229,,"Tim Lienhard Produktion,See more »,",Germany,Tim Lienhard,,One Zero One - Die Geschichte von Cybersissy & BayBjane (2013) ,5.4,"Antoine Timmermans,Mourad Zerhouni,Gregory Rack,|,See full cast & crew,",28
230,"€3,000","Sticky Notes Films,See more »,","France,Lithuania",,,We can Be Gay Today: Baltic Pride 2013 (2014) ,7.3,,10
231,,"Two Of A Kind Company,See more »,",USA,Leland Steigs,,Hail to the Groupies (2012) ,0,"Diane Anderson,Courtney Nelms,Bryce Ryan,|,See full cast & crew,",0
232,"€2,000","Turun Elokuvaajat,See more »,",Finland,Niko Kostet,,Jeanne d'Trans (2016) ,4.3,"Sam Bodi,Caicca The Lionheart,Tiina Katariina Hallikainen,|,See full cast & crew,",14
233,,"Filmworks,United Church of Christ,See more »,",USA,Joseph Parlagreco,,Call Me Malcolm (2005) ,7.3,"Malcolm Himschoot,Matt Kailey,Calpernia Addams,|,See full cast & crew,",31
234,"$100,000","G2H Films,Garage Creative Studios,Transforward,See more »,",USA,Scott Plate,,Exact Change (2017) ,0,,0
235,"INR 40,406,913","Miraj Entertainment,View Motion Pictures,See more »,",India,David Atkins,,Queens! Destiny of Dance (2011) ,5.8,"Seema Biswas,Vineeth,",8
236,,"Highberger Media Inc.,See more »,",USA,Craig Highberger,"$28,032",Superstar in a Housedress (2004) ,7.7,"Paul Ambrose,Michael André,Penny Arcade,|,See full cast & crew,",128
237,,"Jezebel Pantry Productions,See more »,",USA,,,Delusions of Grandeur (2012) ,7.8,"Ronnie Alvarez,Salvador Benavides,Rafael O. Calderón,|,See full cast & crew,",13
238,,"Big Daddy Beer Guts,See more »,",Canada,Noam Gonick,,"Hey, Happy! (2001) ",3.9,"Jérémie Yuen,Craig Aftanis,Clayton Godson,|,See full cast & crew,",327
239,,"PSBT,Solaris Pictures,See more »,",India,Sridhar Rangayan,,Purple Skies (2014) ,7.2,"Sonal Giani,Anand Grover,Prashansa Gurung,|,See full cast & crew,",11
240,"$10,000",,USA,Lorne Clarkson,,A Year in Transition (2018) ,0,,0
241,"$72,000","Rainlake Productions,See more »,",USA,Dana McClure,,Odd Ones Out (2008) ,0,,0
242,,"M.O.D. Entertainment,High Deaf Productions,See more »,",Canada,Josh Laner,,My Other Me: A Film About Cosplayers (2013) ,8.3,,77
243,,"Syndrome Films,See more »,",Brazil,,,Rainhas (2008) ,7.7,"Michele Honda,Otacilio Junior,Orlando Almeida,|,See full cast & crew,",19
244,,"Boxxo Productions,See more »,",USA,Brooks Nelson,,Switch: A Community in Transition (2009) ,0,,0
245,"$20,000","Mattioli Productions,Dreamcatcher Entertainment,See more »,",USA,A.J. Mattioli,,Curiosity Killed the Cat (2012) ,8.4,"Blanche Baker,Elissa Goldstein,Keith Collins,|,See full cast & crew,",5
246,"$150,000","The D Word LLC,See more »,",USA,,,The D Word (2005) ,6.3,"Stephen Alexander,Tony Arnaud,Michele Balan,|,See full cast & crew,",26
247,"£421,000","Premiere Picture,SEIS Creative,See more »,",UK,Simon Napier-Bell,,50 Years Legal (2017) ,6.5,"Olly Alexander,Marc Almond,Stephen K. Amos,|,See full cast & crew,",8
248,,,USA,Gary Beeber,,Dirty Martini and the New Burlesque (2010) ,0,"Scotty The Blue Bunny,James 'Tigger!' Ferguson,Pleasant Gehman,|,See full cast & crew,",0
249,,"Aspros Drago,See more »,",Japan,Hitoshi Ozawa,,Nidaime wa New Half (2013) ,0,"Belle,Hakuryû,Katsuya,|,See full cast & crew,",0
250,"$25,000","Aggressively Enthusiastic Films,See more »,",USA,Michelle Lawler,,Forever's Gonna Start Tonight (2009) ,8.7,,6
251,"$75,000",,USA,John Bergmann,,Gender Redesigner (2007) ,8.0,"Jen Marcovics,Daniel Medalie,Lori Triburgo,|,See full cast & crew,",11
252,,"Art-on-the-run production,Kaskeline Filmakademie Berlin,See more »,",Germany,,,Berlin Transgression (2017) ,0,"Absinthia Absolut,Ichgola Androgyn,Anna Bolika,|,See full cast & crew,",0
253,"CAD 1,000",,Canada,Samuel Shanahoy,,So Long Suburbia (2016) ,0,"Aliza Bosa,Sorrel Corvid,Tuesday Ferguson,|,See full cast & crew,",0
254,,,Italy,Francesca Fini,,Donne (2009) ,0,"Ivona Cikos,Sonia De Nicola,Julia Pietrangeli,|,See full cast & crew,",0
255,,"Full Voice,See more »,",USA,Cyra K. Polizzi,,13 Genders (2004) ,8.2,"Richard Paro,Marcus Peterson,Katie Knutson,|,See full cast & crew,",5
256,,,USA,Michael Brody,,Document (2012) ,0,"Chaz Grundy,Raphael Barker,Kate Avallone,|,See full cast & crew,",0
257,"$200,000","Hornbill Films,River North,See more »,",USA,Toby Ross,,Bowser Makes a Movie (2005) ,4.3,"Nick Lewis,Kevin Viol,Matthew S. Harrison,|,See full cast & crew,",133
258,,,Israel,Shirly Berkovitz,,The Good Son (2012) ,7.1,,44
259,,"Gerald Backhaus Produktion,See more »,",Germany,Gerald Backhaus,,Ficki Ficki Aua Aua - Der Film (2016) ,0,"Magic Magnus,Nina Queer,Kay Ramczyk,|,See full cast & crew,",0
260,,"Sacred Dogs Entertainment,See more »,",USA,Victory Tischler-Blue,,El camino del diablo (2005) ,0,,0
261,,"Drakó Films,See more »,",Iceland,Ragnhildur Steinunn Jónsdóttir,,Hrafnhildur- heimildarmynd um kynleiðréttingu (2012) ,7.5,,15
262,,,"Finland,USA",Marko Vuorinen,,Tamara W (2014) ,0,,0
263,"$25,000",,Vietnam,Thi Trinh Nguyen,,Love Man Love Woman (2007) ,6.6,,5
264,,,France,Maud-Yeuse Thomas,,La transparentalité aujourd'hui (2007) ,0,,0
265,"$10,000",,USA,Maria Clara Costa,,Out in Manhattan (2008) ,0,"Emile Griffith,Junior Vasquez,Alan Cumming,|,See full cast & crew,",0
266,,"Friction Films,See more »,",USA,Elaine Epstein,,Gender Rebel (2006) ,7.1,,33
267,,"Adrenaline Films,Angel Baby Entertainment,See more »,","India,USA",Alessandra Zeka,,Harsh Beauty (2005) ,6.8,,12
268,,"Claudius Films,L.M. Media,Heymann Brothers Films,See more »,","USA,Israel,Switzerland",Tomer Heymann,"$36,089,",Bubot Niyar (2006) ,7.5,,162
269,,,USA,Julie Wyman,,A Boy Named Sue (2000) ,6.9,,23
270,,"After Stonewall,See more »,",USA,John Scagliotti,,Before Homosexuals (2017) ,0,"Janet Afary,Laetitia Andrieu,Susan Bonthron,|,See full cast & crew,",0
271,"£15,000","Loulou Film,See more »,",UK,Edward Little,,Loulou (2016) ,0,"Emma Cater,Josh Collins,Alan Gibson,|,See full cast & crew,",0
272,,,Spain,Cecilia Barriga,,El camino de Moises (2005) ,0,,0
273,"$500,000","Reel Freedom Films,See more »,",USA,Michelle Prevost,,Trained in the Ways of Men (2007) ,6.5,"Sylvia Guerrero,Tony Serra,Michael Thorman,",57
274,"$150,000","Norma Productions,See more »,",Israel,Yair Qedar,,Hazman havarod (2009) ,6.3,"Michal Eden,Ellyot,Uzi Even,|,See full cast & crew,",19
275,,"Bjoca Productions,See more »,","Argentina,France",Maria Audras,,Amor a paso de gigante (2016) ,0,"Mariela Muñoz,Luis Muñoz,Mercedes Rodriguez,|,See full cast & crew,",0
276,"$75,000","Crooked Limb Studio & Productions,See more »,",USA,Mark France,,Annie (2017) ,0,"Todd Ditch,Annie Sue Ditch,Evelyn Ditch,|,See full cast & crew,",0
277,,,USA,Melanie La Rosa,,Sir: Just a Normal Guy (2002) ,0,,0
278,"$43,050",,USA,Elegance Bratton,,Pier Kids: The Life (2015) ,0,"Krystal Dixon,DeSean Irby,Krystal LaBeija,|,See full cast & crew,",0
279,,,USA,Tonjia Atomic,,Dancing in Isolation (2010) ,1.9,"Rhys Henley,Aiden Karamanyan,Josh Phenicie,",13
280,,,USA,Vertna Bradley,,Whisper Leigh (2008) ,0,,0
281,"$75,000","Moromiya Pictures,See more »,",India,Sankhajit Biswas,,Dui Dhuranir Golpo (2012) ,8.0,"Bubai,Chiranjit,",8
282,,,USA,Luke Woodward,,Enough Man (2006) ,4.6,,9
283,,,Israel,Einat Fernbach,,Hatzaga Yomit (2011) ,0,"Tal Kallai,Myrav Osofsky,Hilla Fruchter,|,See full cast & crew,",0
284,,,Switzerland,Sylvie Cachin,,Claudette (2009) ,0,,0
285,,,"USA,Thailand",Jeff Roy,,Mohammed to Maya (2012) ,7.2,"Kevin Alexander Stea,Maya Jafer,Jeff Roy,|,See full cast & crew,",6
286,"$150,000","Rogue Culture Productions,See more »,",USA,Christopher Hines,,Legalize Gay (2011) ,6.0,"Robin Brand,Claire Buffie,Ben Cohen,|,See full cast & crew,",12
287,,,USA,,,Born Equal (2012) ,4.8,,5
288,"€500,000","Wega Film,See more »,",Austria,Elisabeth Scharang,,Tintenfischalarm (2006) ,5.3,"Alex Jurgen,Elisabeth Scharang,",23
289,,,USA,Alice Bouvrie,,Thy Will Be Done (2010) ,0,,0
290,"$15,739","Urbane Legends Entertainment,See more »,",USA,Mason Stone,,Limits to Ambition (2006) ,6.0,"Reiner Prochaska,Douglas Cathro,Carl Randolph,|,See full cast & crew,",22
291,"€2,000","KIWA & CECE,See more »,",Estonia,,,Wariazone (2011) ,6.5,,8
292,,"Not A Tough Guy Productions,See more »,",USA,Mocha Jean Herrup,,A Few Good Dykes (2004) ,0,,0
293,,,USA,Bobby Shue,,Clayton & Claudia (2015) ,5.4,"Nancy Almaguer,Derek Baiza,Seneatria Bryant,|,See full cast & crew,",14
294,,,USA,Tobi Hill-Meyer,,The Genderfellator (2011) ,0,"Texas .,James Darling,Gloria Divine,|,See full cast & crew,",0
295,,,USA,Madsen Minax,,Riot Acts: Flaunting Gender Deviance in Music Performance (2010) ,8.0,"Rahne Alexander,Kristen Anchor,Radford Bishop,|,See full cast & crew,",15
296,,"Buenaletra Producciones,See more »,",Peru,Felipe Degregori,,Translatina (2010) ,0,,0
297,,"Bullitt Film,See more »,",Denmark,Iben Haahr Andersen,,Xenia: en vognmands bekendelser (2016) ,0,,0
298,,,USA,Ben Westbrook,,Lullaby (2009) ,0,"April Brucker,Manuel de la Portilla,Georgia Kate Haege,|,See full cast & crew,",0
299,,"Cobrainey Media Partners,See more »,",USA,Shelby F. Elwood,,Trans*cend (2017) ,0,,0
300,"€26,000","Ar.Pa. Film,See more »,",Italy,Fabiomassimo Lozzi,,Nessuno è perfetto! (2013) ,0,"Antonio Veneziani,Porpora Marcasciano,Leila Pereira Daianis,|,See full cast & crew,",0
301,"$7,000","Immediate Impressions,See more »,",USA,D.S. Fine,,Touchstone: Dancing with Angels (2008) ,0,,0
302,"£45,000","Banana Skin Films,See more »,",UK,Rosa Fong,,Deconstructing Zoe (2016) ,8.6,,7
303,,,USA,,,Sole Journey (2009) ,0,"Chad Allen,James Dobson,Martin Luther King,|,See full cast & crew,",0
304,,,USA,Dain Percifield,,Running in Heels: The Glendon Anna Conda Hyde Story (2011) ,6.2,,6
305,,"U People LLC,U People,See more »,",USA,,,U People (2009) ,7.0,"DJ Ayden,Nakita Bermudez,Tara Bethea,|,See full cast & crew,",8
306,"CHF 180,000","Laurence Périgaud,See more »,","Switzerland,Thailand",,,Entre il et ailes - Devenir femme à 60 ans (2012) ,0,,0
307,"$45,000",,USA,Janet Jensen,,Subject to Change (2015) ,0,,0
308,"$15,000",,USA,Samuel Neff,,Transfigurations: Transgressing Gender in the Bible (2017) ,0,,0
309,"$190,000","Cinematiks,See more »,",USA,Leslie Streit,,God Wears My Underwear (2005) ,6.5,"Joel Bischoff,Frances Bockenfeld,Archie Bryan,|,See full cast & crew,",26
310,,,USA,Susi Graf,,Lost in the Crowd (2010) ,6.6,"Kimy Hartman,Jazmine Perez,Alex Rios,|,See full cast & crew,",14
311,"$350,000","Symon Productions,See more »,",USA,Robyn Symon,,My Uncle Gloria (2014) ,0,,0
312,,,Spain,,,Mi Reflejo (2016) ,0,,0
313,,"Memphis Film & Television,See more »,",Netherlands,Esther Prade,,WhatEver Will Be (2013) ,0,"Cilla van Opstal,Ilona Willemars,Esther Prade,",0
314,,"Alpha Container Pictures,See more »,",Germany,Norbert Luebbers,,Mädchen oder Junge? Aufwachsen als Transgender-Kind (2017) ,0,,0
315,,"Crown Chimp Films,See more »,",USA,Nickolas Duarte,,Jay (2016) ,0,"Drew Grubich,Stephanie Ingmire,Pat Kaye,|,See full cast & crew,",0
316,,,USA,Tyler Erlendson,,Straight White Male (2011) ,0,,0
317,,,USA,Stephanie Wynne,,The Cookie Project (2003) ,0,,0
318,,,USA,Maureen Maher,,The Correction (2010) ,0,,0
319,"$30,000",,Turkey,Hüseyin Karagöz,,Bahar (2004) ,0,,0
320,"MXN 354,950","RK Films,See more »,",Mexico,Rocke Killingan,,La Vida Que Elegimos (2017) ,0,"Adalid Chávez,Alan García,Hugo Medina,|,See full cast & crew,",0
321,"€10,000","McKenzie Bros,See more »,",Italy,Enrico Vanni,,O sei uomo o sei donna... chiaro? (2010) ,0,"Luai Abukalam,Francesco Albanese,Milena Argento,|,See full cast & crew,",0
322,,,Germany,Saskia Heyden,,"Risk, Stretch or Die (2008) ",0,,0
323,,"Push Productions,See more »,",France,Chriss Lag,,"Louis(e) de Ville, portrait d'une bad girl (2012) ",0,"Louise De Ville,Wendy Delorme,Émilie Jouvet,|,See full cast & crew,",0
324,"CAD 70,000","Brother & Sister Productions,See more »,","Canada,Colombia",,,La Dany: The Diva of Bolivar Park (2010) ,0,,0
325,"$15,000","PCM Productions,See more »,",USA,Logan Lynn,,Lead with Love: A Documentary Film by Logan Lynn (2017) ,0,"Logan Lynn,Tim Smith,Dawn Menken,",0
